	Bacteroidia	Gammaproteobacteria	Alphaproteobacteria	Anaerolineae	Planctomycetes	Actinobacteria	Verrucomicrobiae	Clostridia	Thermoleophilia	Nitrospiria	Acidimicrobiia	Polyangia	Ignavibacteria	Gracilibacteria	Campylobacteria	Negativicutes	Bacilli	Saccharimonadia	Vicinamibacteria	midas_c_206	Blastocatellia	Methanobacteria	Kapabacteria	Holophagae	Bdellovibrionia	Oligoflexia	Desulfobulbia	OLB14	Leptospirae	Kryptonia	Elusimicrobia	Phycisphaerae	midas_c_41	Chloroflexia	Bacteria_unclassified	Acidobacteriae	Fusobacteriia	Myxococcia	Hydrogenedentia	Parcubacteria	OM190	Vampirivibrionia	midas_c_18	Coriobacteriia	Spirochaetia	Fimbriimonadia	Desulfovibrionia	Gemmatimonadetes	Kiritimatiellae	Synergistia	Desulfuromonadia	Lineage_IIb	Thermoanaerobaculia	Methanosarcinia	ABY1	Sericytochromatia	bacteriap25	Cyanobacteriia	Fibrobacteria	midas_c_814	Patescibacteria_unclassified	KD4-96	Desulfobacteria	Sumerlaeia	Babeliae	BD7-11	midas_c_216	midas_c_25190	Brocadiae	Syntrophobacteria	Chlamydiae	Microgenomatia	Chthonomonadetes	Omnitrophia	vadinHA49	Desulfitobacteriia	midas_c_13758	Methanomicrobia	Actinobacteriota_unclassified	Berkelbacteria	Aminicenantia	Firmicutes_unclassified	Deinococci	MVP-15	Archaea_unclassified	Thermoplasmata	Syntrophia	midas_c_35434	Desulfomonilia	midas_c_49974	Caldisericia	Syntrophorhabdia	WWE3	Desulfobacterota_unclassified	midas_c_796	Rhodothermia	midas_c_1477	Chlorobia	Abditibacteria	BRH-c20a	Endomicrobia	Armatimonadia	Verrucomicrobiota_unclassified	Thermodesulfovibrionia	Myxococcota_unclassified	midas_c_55	Chitinivibrionia	Bdellovibrionota_unclassified	Proteobacteria_unclassified	Desulfotomaculia	OC31	midas_c_4	Syntrophomonadia	Subgroup_22	Cloacimonadia	Lentisphaeria	midas_c_21477	Planctomycetota_unclassified	Bacteroidota_unclassified	Acidobacteriota_unclassified	Subgroup_21	Thermococci	Pla4_lineage	Dehalococcoidia	Chloroflexi_unclassified	Pla3_lineage	Limnochordia	4-29-1	midas_c_33170	midas_c_201
190703	0.26416723635447986	0.2807541467275952	0.06087863850609857	0.02243370632893172	0.025689921922786286	0.01297089195121074	0.04314035908322236	0.023099341560824608	0.014823876515669413	0.0248803655596733	0.009750656640161193	0.037131651854783565	0.02009498794660526	0.01228726657791531	0.028658295254200692	0.003975821249955024	0.005163170582520777	0.0017990141402511428	0.00748389882344475	0.0036699888461123307	0.004047781815565071	0.0020148958370812798	0.005001259309898174	0.009031050984060738	0.006890224157161872	0.0036340085633073094	0.0027884719173892707	0.002068866261288814	0.011369769366387221	0.0023207282409239737	0.00214082682689886	0.003094304321231966	0.001781023998848631	0.001349260605188357	0.0037959198359299126	0.001691073291836074	0.0007735760803079912	0.004227683229590185	0.003580038139099774	0.0010434282013456625	0.002356708523728997	0.0019789155542762568	0.001565142302018494	0.0008275465045155254	0.0017630338574461195	0.0012593098981757997	0.0025186197963516003	0.0011873493325657539	0.001115388766955708	0.0010614183427481742	0.0011513690497607313	0.000719605656100457	0.0008095563631130141	0.0001619112726226028	0.0008635267873205483	0.0011873493325657539	0.00026985212103767137	0.00041377325225776273	0.0005756845248803655	7.196056561004569e-05	8.995070701255712e-05	0.00017990141402511424	5.3970424207534266e-05	5.3970424207534266e-05	0.0003238225452452055	0.0005037239592703198	0.0002518619796351599	0.0003957831108552513	0.0	0.00019789155542762567	1.7990141402511423e-05	0.0	0.0	3.5980282805022846e-05	5.397042420753427e-05	1.7990141402511423e-05	1.7990141402511423e-05	0.0	1.7990141402511423e-05	1.7990141402511423e-05	3.5980282805022846e-05	3.5980282805022846e-05	3.5980282805022846e-05	1.7990141402511423e-05	0.0	5.3970424207534266e-05	1.7990141402511423e-05	0.0	3.5980282805022846e-05	1.7990141402511423e-05	0.0	1.7990141402511423e-05	0.0	1.7990141402511423e-05	0.0	0.0	0.0	0.0	0.0	0.0	0.0	0.0	0.0	0.0	0.0	0.0	0.0	1.7990141402511423e-05	0.0	0.0	3.5980282805022846e-05	0.0	0.0	0.0	0.0	1.7990141402511423e-05	1.7990141402511423e-05	0.0	1.7990141402511423e-05	0.0	0.0	0.0	0.0	1.7990141402511423e-05	0.0	0.0	0.0	0.0	0.0	0.0
190802	0.29359280832295875	0.3004612639305262	0.06011582101612727	0.034443284737887554	0.027978855930776782	0.006817952257499741	0.038685566142554056	0.013888421265277215	0.009949159960944073	0.06030099996633106	0.011077068112184766	0.018248543820073442	0.016464092118110507	0.01163260496279586	0.01095922696205515	0.001313087101444396	0.0026261742028887932	0.0018686239520554866	0.003451062253796169	0.0020032995522036297	0.0037709168041480086	0.002020134002222148	0.004427460354870204	0.00597622975657385	0.002036968452240666	0.003181711053499883	0.0035857378539443114	0.0017844517019628974	0.003451062253796168	0.0025925053028517564	0.0018854584020740045	0.003703579004073937	0.0016666105518332727	0.0015151005016666114	0.002238981852462883	0.002457829702703613	0.00010100670011110737	0.002609339752870274	0.0024746641527221306	0.003888757954277634	0.0017676172519443796	0.0016834450018517898	0.0010774048011851453	0.0006565435507221978	0.002558836402814721	0.0013972593515369854	0.0007238813507962693	0.000622874650685162	0.0005050335005555369	0.00037035790040739375	0.0007407158008147874	0.0010100670011110736	6.733780007407158e-05	0.0007238813507962695	0.00047136460051850124	6.733780007407158e-05	0.0012120804013332886	0.00045453015049998316	0.00010100670011110737	0.0005723713006296084	0.00011784115012962524	0.00010100670011110737	0.00015151005016666105	0.00010100670011110735	0.00011784115012962527	8.417225009258947e-05	0.00010100670011110735	0.00020201340022221474	5.0503350055553684e-05	1.6834450018517895e-05	3.366890003703579e-05	5.0503350055553684e-05	1.6834450018517895e-05	5.0503350055553684e-05	3.366890003703579e-05	1.6834450018517895e-05	1.6834450018517895e-05	5.0503350055553684e-05	0.0	8.417225009258947e-05	0.0	6.733780007407158e-05	0.0	0.00011784115012962527	1.6834450018517895e-05	0.0	0.0	0.0	0.0	0.0	5.0503350055553684e-05	0.0	1.6834450018517895e-05	0.0	3.366890003703579e-05	3.366890003703579e-05	0.0	3.366890003703579e-05	1.6834450018517895e-05	0.0	1.6834450018517895e-05	3.366890003703579e-05	1.6834450018517895e-05	1.6834450018517895e-05	0.0	0.0	0.0	1.6834450018517895e-05	1.6834450018517895e-05	0.0	0.0	1.6834450018517895e-05	0.0	0.0	0.0	0.0	0.0	1.6834450018517895e-05	0.0	0.0	1.6834450018517895e-05	0.0	1.6834450018517895e-05	0.0	0.0	0.0	0.0	0.0	0.0	0.0
190830	0.2744668570836605	0.2927143301120308	0.06570866199997046	0.031492800165751594	0.020393364017107927	0.015968388805848666	0.03784167764277577	0.034541445294579066	0.009708306818013646	0.02033416702431516	0.016012786550443227	0.023678797117106447	0.016427165499992596	0.016042385046839625	0.015006437672966213	0.005179736869367036	0.006171286498645868	0.0027822586612600082	0.007947196282428853	0.0029598496396383064	0.009145935386482368	0.0027822586612600082	0.0076216128220686396	0.005031744387385119	0.005090941380177886	0.002530671441890752	0.003226236107205754	0.0026638646756744753	0.0007547616581077681	0.002530671441890752	0.0038182060351334155	0.003078243625223839	0.0015243225644137278	0.0015243225644137278	0.002959849639638306	0.0011247428630625565	0.0	0.002427076704503411	0.0009027541400896834	0.0036110165603587333	0.001983099258557665	0.0026046676828817097	0.0016279173018010687	0.000695564665315002	0.001287534593242663	0.0014355270752245788	0.0002811857157656391	0.0010063488774770242	0.00023678797117106452	0.00020718947477468147	0.0011247428630625563	0.00183510677657575	0.00011839398558553226	0.0005031744387385121	0.0007399624099095766	8.87954891891492e-05	0.0019535007621612824	0.0006659661689186189	0.0004143789495493629	0.0006067691761258528	0.00014799248198191532	0.00011839398558553226	0.0006215684243240443	0.0003699812049547883	0.00016279173018010686	0.0	5.919699279276613e-05	0.0	0.0	0.0	1.4799248198191532e-05	2.9598496396383064e-05	0.00031078421216202215	0.0001775909783782984	0.0	0.0001775909783782984	0.00044397744594574596	1.4799248198191532e-05	0.0	0.0001923902265764899	0.0	0.0	0.0	0.0	0.0	0.0	0.0	0.0	0.0	0.0	0.0	1.4799248198191532e-05	0.0	0.0	0.0	0.0	0.0	0.0	0.0	0.0	0.0	0.0	0.0	0.0	0.0	0.0	0.0	0.0	0.0	0.0	0.0	0.0	0.0	0.0	0.0	0.0	0.0	0.0	0.0	0.0	0.0	0.0	0.0	0.0	0.0	0.0	0.0	0.0	0.0	0.0
190913	0.20319384980780558	0.3725637259497655	0.062345698303071705	0.043115930706167774	0.0348656728856109	0.018375574236694916	0.0435117764096794	0.014479619154765205	0.013969186537079282	0.03469900101044822	0.017615133806264793	0.02002145900392723	0.012854568371928289	0.010521162119649562	0.005802264654103775	0.0032501015656739305	0.0031563486358948765	0.003073012698313491	0.008677354500661474	0.003208433596883236	0.005906434576080506	0.003427190433034366	0.004416804691813286	0.002614665041615886	0.0030938466827088364	0.0036355302769878243	0.0031771826202902195	0.003166765628092547	0.0021146494161275874	0.002375074221069409	0.001791722657999729	0.0029896767607321107	0.0012917070325114324	0.002395908205464755	0.002093815431732244	0.001375042970092815	0.00017708886736043835	0.0018333906267904204	0.0018125566423950747	0.0013958769544881607	0.0027709199245809796	0.0021459003927206074	0.0018333906267904202	0.0010000312509765928	0.0008958613289998645	0.00106253320416263	0.001114618165150994	0.0012500390637207412	0.0006875214850464076	0.0009062783211975372	0.0005208496098836422	0.00019792285175578402	0.000593768555267352	0.0006458535162557164	0.0009583632821859013	4.166796879069138e-05	0.00032292675812785814	0.00044793066449993227	8.333593758138276e-05	0.00029167578153483964	0.00017708886736043835	0.00019792285175578405	6.250195318603706e-05	0.00013542089856974696	7.291894538370991e-05	0.00012500390637207412	0.00013542089856974699	3.125097659301853e-05	8.333593758138276e-05	3.125097659301853e-05	1.0416992197672845e-05	0.0	1.0416992197672845e-05	2.083398439534569e-05	2.083398439534569e-05	0.0	1.0416992197672845e-05	0.00012500390637207412	1.0416992197672845e-05	4.166796879069138e-05	2.083398439534569e-05	2.083398439534569e-05	2.083398439534569e-05	5.208496098836422e-05	2.083398439534569e-05	1.0416992197672845e-05	3.125097659301853e-05	2.083398439534569e-05	1.0416992197672845e-05	2.083398439534569e-05	1.0416992197672845e-05	2.083398439534569e-05	2.083398439534569e-05	0.0	1.0416992197672845e-05	0.0	0.0	0.0	5.208496098836423e-05	0.0	1.0416992197672845e-05	4.166796879069138e-05	0.0	0.0	0.0	2.083398439534569e-05	2.083398439534569e-05	0.0	1.0416992197672845e-05	1.0416992197672845e-05	0.0	0.0	1.0416992197672845e-05	0.0	0.0	0.0	1.0416992197672845e-05	0.0	0.0	2.083398439534569e-05	0.0	2.083398439534569e-05	0.0	0.0	1.0416992197672845e-05	0.0	1.0416992197672845e-05	0.0	0.0	0.0
191004	0.26201509098979503	0.3013759431868665	0.07604971149578317	0.03446959609409672	0.033990235241899674	0.01230359520639147	0.04164225477141587	0.016946293830448378	0.009400798934753658	0.024340878828229034	0.010199733688415445	0.022414558366622307	0.016316023080337333	0.02829116733244566	0.01358189081225033	0.0025299600532623185	0.0047936085219707015	0.004189968930315135	0.006844207723035951	0.003186861961828673	0.007456724367509989	0.0032223701731025306	0.0049622725255215275	0.0038615179760319585	0.0020683533067021756	0.0035153129161118535	0.0041011984021304924	0.0023169107856191753	0.005477141588992453	0.0029826897470039953	0.0011007545494895693	0.0023701731025299625	0.0017665335108743895	0.0016688859298712823	0.0015179760319573889	0.0010474922325787836	0.00031957390146471367	0.0027607634265423885	0.002112738570794497	0.0008610741233910339	0.0016511318242343539	0.002405681313803818	0.0017576564580559252	0.0010563692853972479	0.0010652463382157121	0.0011451398135818905	0.0009143364403018195	0.000985352862849534	0.0007634265423879271	0.0007101642254771415	0.0004704837993786062	0.00019529516200621395	0.0006569019085663559	5.326231691078562e-05	0.0006835330670217486	0.0018020417221482467	0.0002041722148246782	0.0003817132711939636	0.0005326231691078562	0.00016866400355082113	0.0004438526409232134	7.101642254771416e-05	0.00013315579227696407	9.764758100310698e-05	7.101642254771417e-05	0.00016866400355082113	0.00013315579227696404	0.00013315579227696404	6.213936972924988e-05	4.438526409232135e-05	0.0	3.550821127385708e-05	3.550821127385708e-05	0.0	5.326231691078562e-05	8.87705281846427e-06	0.0	2.663115845539281e-05	1.775410563692854e-05	5.326231691078562e-05	5.3262316910785624e-05	2.663115845539281e-05	4.438526409232135e-05	2.663115845539281e-05	3.550821127385708e-05	1.775410563692854e-05	1.775410563692854e-05	2.663115845539281e-05	8.87705281846427e-06	0.0	1.775410563692854e-05	1.775410563692854e-05	0.0	8.87705281846427e-06	1.775410563692854e-05	0.0	2.663115845539281e-05	1.775410563692854e-05	1.775410563692854e-05	0.0	0.0	8.87705281846427e-06	8.87705281846427e-06	0.0	2.663115845539281e-05	0.0	0.0	0.0	0.0	0.0	0.0	0.0	0.0	0.0	0.0	0.0	0.0	0.0	8.87705281846427e-06	0.0	0.0	0.0	0.0	0.0	0.0	0.0	0.0	0.0	0.0	0.0
191019	0.20611835691027988	0.33488346424824256	0.05328452383142343	0.05058405842423806	0.052920292121189906	0.01397693199168523	0.04076083957248768	0.011427310020051191	0.010930630415187364	0.03085668034068543	0.018270451242618807	0.014867276172255852	0.011419951803682788	0.02491492062324096	0.010356689538455883	0.0013907028936185873	0.002685748974448587	0.005253766487003552	0.008509777229999451	0.005746766983683155	0.006423722889571569	0.007012380199039753	0.009521531980647896	0.00556281157447435	0.005695259469104693	0.005698938577288867	0.00268574897444859	0.003693824616912856	0.005132355916925738	0.0016298449255900372	0.0011515608616471367	0.0028991372491308028	0.0020087930685601797	0.0026121668107650675	0.0013318371626717695	0.001769651036588731	0.00021706738286639323	0.002133882746822169	0.0023950994278986756	0.0018027630102463177	0.0033479884476002994	0.0021817111532164584	0.0018027630102463164	0.0006879932304409414	0.0008977023969389822	0.0006843141222567651	0.000540828903073895	0.0014348521918287008	0.0006953514468092935	0.0004562094148378435	0.0004598885230220195	0.0002317838156030978	0.0006953514468092934	0.0006475230404150034	0.0005518662276264235	0.000401022792075201	5.5186622762642334e-05	8.094038005187544e-05	0.0004414929821011387	0.00011773146189363696	0.0006695976895200605	9.933592097275618e-05	0.00014348521918287015	0.00016555986828792704	3.31119736575854e-05	0.0001582016519195747	0.00012876878644616543	0.00010301502915693236	0.00042677654936443407	4.0470190025937704e-05	2.2074649105056935e-05	1.4716432736704623e-05	4.047019002593772e-05	0.00024282114015562628	6.990305549934696e-05	0.0	3.679108184176156e-06	9.565681278858005e-05	1.4716432736704623e-05	3.679108184176156e-06	2.2074649105056935e-05	1.1037324552528468e-05	7.358216368352312e-06	2.9432865473409247e-05	7.726127186769927e-05	2.9432865473409247e-05	3.31119736575854e-05	5.150751457846618e-05	2.575375728923309e-05	0.0	1.1037324552528468e-05	4.0470190025937704e-05	3.679108184176156e-06	1.1037324552528468e-05	1.839554092088078e-05	1.4716432736704623e-05	2.2074649105056935e-05	7.358216368352312e-06	1.839554092088078e-05	3.679108184176156e-06	3.679108184176156e-06	7.358216368352312e-06	7.358216368352312e-06	0.0	1.839554092088078e-05	3.679108184176156e-06	0.0	0.0	7.358216368352312e-06	1.1037324552528468e-05	1.1037324552528468e-05	0.0	0.0	0.0	3.679108184176156e-06	1.4716432736704623e-05	3.679108184176156e-06	0.0	0.0	3.679108184176156e-06	7.358216368352312e-06	0.0	3.679108184176156e-06	0.0	3.679108184176156e-06	1.1037324552528468e-05	0.0	7.358216368352312e-06	3.679108184176156e-06	3.679108184176156e-06
191025	0.3430655533160599	0.2724061810154568	0.07474805643535834	0.03453306459353101	0.025242345714559924	0.013091467511277464	0.016661867741625862	0.022842883194164457	0.014703906324983203	0.031346578366445915	0.018926960360879142	0.007831845666570685	0.01838948075631058	0.011824551300508678	0.007851041366733853	0.001881178615990017	0.00762069296477589	0.008734043574239366	0.004280641136385449	0.00439581533736443	0.0029561378251271716	0.005739514348785873	0.005509165946827909	0.0014588732124004222	0.002898550724637682	0.0027641808234955398	0.003397638928879931	0.0017852001151742007	0.0013820904117477686	0.0022458969190901237	0.00055667530473174	0.002169114118437471	0.005355600345522603	0.0013436990114214413	0.001266916210768787	0.0020347442172953256	0.0006334581053843939	0.0008254151070160283	0.001785200115174201	0.0015548517132162386	0.0008830022075055187	0.0007678280065265377	0.0009021979076686821	0.0014012861119109318	0.0005182839044054132	0.0009789807083213358	0.0010941549093003162	0.0003647183031001056	0.0008254151070160282	0.0005374796045685765	0.00038391400326326906	0.000211152701794798	0.0005374796045685766	0.00026873980228428836	0.0006718495057107207	0.00024954410212112485	0.0	7.67828006526538e-05	3.83914003263269e-05	0.00017276130146847107	9.597850081581727e-05	1.919570016316345e-05	0.00011517420097898072	0.0	1.919570016316345e-05	5.7587100489490355e-05	5.7587100489490355e-05	5.7587100489490355e-05	3.83914003263269e-05	1.919570016316345e-05	3.83914003263269e-05	5.7587100489490355e-05	3.83914003263269e-05	0.0	3.83914003263269e-05	3.83914003263269e-05	0.0	7.67828006526538e-05	3.83914003263269e-05	0.0	7.67828006526538e-05	1.919570016316345e-05	0.0	1.919570016316345e-05	0.0	0.0	3.83914003263269e-05	0.0	0.0	0.0	0.0	1.919570016316345e-05	0.0	0.0	1.919570016316345e-05	1.919570016316345e-05	0.0	0.0	0.0	1.919570016316345e-05	0.0	0.0	0.0	0.0	0.0	0.0	0.0	1.919570016316345e-05	1.919570016316345e-05	0.0	0.0	0.0	0.0	0.0	0.0	0.0	0.0	0.0	0.0	0.0	0.0	0.0	0.0	0.0	0.0	0.0	0.0	0.0	0.0	0.0
191108	0.39241120135773794	0.25055562290378636	0.07560512385339668	0.03438800662706599	0.024023113912797503	0.01646664242130358	0.014466399967672842	0.02236634743605279	0.019194245767163692	0.01573928152907423	0.01616357538287468	0.008506081545237803	0.016163575382874683	0.007152382106922053	0.003475168707318058	0.001272881561401381	0.006728088253121595	0.016224188790560472	0.003697417868832585	0.004727845799490847	0.0031721016688891577	0.005536024568634583	0.003515577645775246	0.001293086030629975	0.003252919545803531	0.002848830161231663	0.002202287145916676	0.0016163575382874694	0.0005253161999434274	0.00228310502283105	0.0007879742999151413	0.0018386066998019954	0.0036772133996039913	0.0014951307229159089	0.0007475653614579548	0.0015355396613730957	0.0007273608922293612	0.000666747484543581	0.0011920636844870085	0.0008687921768295149	0.0009294055845152948	0.00042429385380046074	0.0010506323998868547	0.0017173798844304358	0.00040408938457186735	0.001192063684487008	0.0008081787691437348	0.000444498323029054	0.0008687921768295149	0.0006465430153149879	0.00014143128460015355	0.00014143128460015352	0.00018184022305734027	0.0004040893845718673	0.00014143128460015355	0.0001616357538287469	0.0	2.0204469228593364e-05	4.040893845718673e-05	8.081787691437345e-05	4.040893845718673e-05	4.040893845718673e-05	0.0	0.00010102234614296681	0.00010102234614296681	8.081787691437345e-05	8.081787691437345e-05	6.06134076857801e-05	0.0	6.061340768578009e-05	6.06134076857801e-05	0.00012122681537156017	0.0	0.0	2.0204469228593364e-05	2.0204469228593364e-05	0.0	0.0	8.081787691437345e-05	0.0	0.0	6.061340768578009e-05	0.0	0.0	0.0	0.0	0.0	0.0	2.0204469228593364e-05	0.0	2.0204469228593364e-05	0.0	6.06134076857801e-05	0.0	0.0	0.0	0.0	0.0	0.0	2.0204469228593364e-05	2.0204469228593364e-05	0.0	0.0	0.0	0.0	0.0	2.0204469228593364e-05	0.0	0.0	0.0	0.0	0.0	0.0	0.0	0.0	0.0	0.0	0.0	0.0	0.0	0.0	0.0	0.0	0.0	0.0	0.0	0.0	0.0	0.0	0.0
191111	0.29782143871768335	0.28179249091642816	0.08027931039638728	0.04043122654345917	0.030099134257390203	0.021337041522750035	0.01925866116419205	0.021636089056355494	0.018301709056654552	0.0232658981145053	0.029037515513090792	0.01045171129951107	0.0160887573079741	0.012664663048191518	0.006145426815592337	0.0018241899549933452	0.006070664932190969	0.011184377756844457	0.0063099029590753435	0.003872665560190792	0.003319427623020679	0.006773426636163818	0.0033941895064220455	0.0026465706724083794	0.0028858086992927514	0.0038726655601907904	0.002556856412326739	0.0043810463673200845	0.0011662853810613196	0.002093332735238266	0.0009270473541769465	0.0014503805379865121	0.00463523677088473	0.0023475231388029125	0.001450380537986512	0.001540094798068153	0.0007476188340136664	0.0006130474438912064	0.0019737137217960793	0.00026914278024491994	0.0011812377577415925	0.0006579045739320264	0.0016896185648708861	0.001121428251020499	0.00046352367708847326	0.0009120949774966728	0.0012260948877824125	0.0008373330940953065	0.0009120949774966729	0.0009270473541769462	0.0005831426905306597	8.971426008163998e-05	0.000732666457333393	0.00022428565020409996	0.00010466663676191332	8.971426008163998e-05	0.0	1.495237668027333e-05	0.00010466663676191332	7.476188340136665e-05	0.0	0.00013457139012245997	4.4857130040819985e-05	0.00011961901344218665	5.980950672109332e-05	1.495237668027333e-05	4.4857130040819985e-05	1.495237668027333e-05	7.476188340136665e-05	2.990475336054666e-05	2.990475336054666e-05	2.990475336054666e-05	2.990475336054666e-05	0.0	1.495237668027333e-05	0.0	0.0	2.990475336054666e-05	2.990475336054666e-05	2.990475336054666e-05	4.485713004081999e-05	0.0	7.476188340136665e-05	1.495237668027333e-05	2.990475336054666e-05	1.495237668027333e-05	2.990475336054666e-05	0.0	1.495237668027333e-05	0.0	1.495237668027333e-05	2.990475336054666e-05	2.990475336054666e-05	0.0	0.0	1.495237668027333e-05	1.495237668027333e-05	0.0	0.0	0.0	1.495237668027333e-05	0.0	0.0	0.0	1.495237668027333e-05	1.495237668027333e-05	1.495237668027333e-05	0.0	0.0	0.0	0.0	0.0	0.0	0.0	0.0	0.0	0.0	1.495237668027333e-05	0.0	0.0	0.0	0.0	0.0	0.0	0.0	0.0	0.0	0.0	0.0	0.0
191115	0.36880186902852247	0.26330288025664	0.0855882558058444	0.03415510147151117	0.02676267522142411	0.020259432317455923	0.01738266266824746	0.02114861566357493	0.01994560290117861	0.01781853685752145	0.022212148685403464	0.008107259920496549	0.011053769439988844	0.005178185368575212	0.006224283422832833	0.001168142827254341	0.005858149103842661	0.011646558337401499	0.004149522281888555	0.003225469000627659	0.002859334681637492	0.00500383569286561	0.003138294162772857	0.002580375200502127	0.0019178464328056353	0.002092196108515238	0.002074761140944277	0.002807029778924612	0.0005056140595578493	0.00163888695167027	0.0008891833461189761	0.001691191854383151	0.0024234604923634834	0.0016911918543831516	0.001220447729967223	0.0018829764976637147	0.0009066183136899365	0.0004881790919868889	0.0006450938001255317	0.0005579189622707299	0.0007671385731222538	0.00036613431899016664	0.0008717483785480158	0.0010809679893995401	0.00024408954599344445	0.0008543134109770553	0.0008020085082641745	0.000714833670409373	0.0006973987028384126	0.0004358741892740078	0.00022665457842248413	0.00017434967570960317	0.0004010042541320873	0.0001917846432805635	0.00012204477299672221	1.7434967570960317e-05	1.7434967570960317e-05	5.2304902712880947e-05	3.486993514192063e-05	3.486993514192063e-05	1.7434967570960317e-05	0.0002092196108515238	3.486993514192063e-05	5.2304902712880947e-05	6.973987028384127e-05	5.230490271288095e-05	5.2304902712880947e-05	1.7434967570960317e-05	1.7434967570960317e-05	3.486993514192063e-05	1.7434967570960317e-05	0.0	5.230490271288095e-05	1.7434967570960317e-05	1.7434967570960317e-05	0.0	0.0	0.0	3.486993514192063e-05	0.0	1.7434967570960317e-05	3.486993514192063e-05	3.486993514192063e-05	0.0	0.0	0.0	3.486993514192063e-05	0.0	0.0	0.0	0.0	0.0	1.7434967570960317e-05	0.0	0.0	0.0	0.0	1.7434967570960317e-05	1.7434967570960317e-05	0.0	0.0	0.0	0.0	0.0	0.0	1.7434967570960317e-05	0.0	0.0	0.0	0.0	0.0	0.0	0.0	0.0	0.0	0.0	0.0	0.0	0.0	0.0	0.0	0.0	0.0	0.0	0.0	0.0	0.0	0.0	0.0	0.0
191122	0.4103971524915682	0.27257399775196417	0.0778568752341699	0.027913076058448887	0.019895091794679666	0.017384788310228577	0.015155488947171218	0.02407268639940057	0.017890595728737357	0.010865492693892843	0.019070813038591244	0.0036343199700262286	0.006575496440614462	0.0027725739977519674	0.015118021730985386	0.0016860247283626822	0.008280254777070053	0.007549644061446236	0.0022292993630573248	0.002566504308729862	0.0026039715249157	0.004683402023229673	0.0015361558636193332	0.0008242787560884228	0.0015736230798051702	0.0019108280254777068	0.0016298239040839263	0.0016298239040839265	0.00022480329711502435	0.0013675533907830648	0.0006556762832521545	0.0011614837017609589	0.00129261895841139	0.0016485575121768451	0.001067815661296366	0.0011052828774822032	0.0023417010116148374	0.0003559385537654552	0.0005807418508804796	0.0006369426751592359	0.0005994754589733984	0.00011240164855751218	0.0007306107156238292	0.0011427500936680402	0.00013113525665043089	0.0006931434994379918	0.0008992131884600977	0.0003934057699512926	0.0007493443237167481	0.0005432746346946422	0.00028100412139378045	0.00016860247283626825	0.00031847133757961787	0.00018733608092918696	3.746721618583739e-05	0.0	0.0	0.0	1.8733608092918696e-05	0.0	1.8733608092918696e-05	0.0	3.746721618583739e-05	3.746721618583739e-05	5.620082427875609e-05	3.746721618583739e-05	0.0	0.0	0.0	0.00011240164855751218	0.0	0.0	0.0	0.0	1.8733608092918696e-05	1.8733608092918696e-05	0.0	1.8733608092918696e-05	3.746721618583739e-05	0.0	0.0	0.0	0.0	0.0	0.0	3.746721618583739e-05	5.620082427875609e-05	0.0	0.0	0.0	5.620082427875609e-05	1.8733608092918696e-05	0.0	0.0	1.8733608092918696e-05	1.8733608092918696e-05	0.0	0.0	0.0	0.0	0.0	0.0	5.620082427875609e-05	1.8733608092918696e-05	0.0	0.0	0.0	0.0	0.0	0.0	0.0	0.0	0.0	0.0	0.0	0.0	0.0	0.0	0.0	0.0	0.0	0.0	0.0	0.0	0.0	0.0	0.0	0.0	0.0	0.0
191129	0.3894354682260359	0.2674389601751524	0.09306321536457632	0.019150292381453875	0.01917800626333731	0.024249646648005992	0.01590776820109193	0.02898872045007347	0.016711470775711553	0.005348779203503035	0.017238034531496825	0.009173294903417119	0.00573677354987113	0.006651331652024502	0.017154892885846526	0.002023113377490785	0.010614416761355753	0.0051824959122024235	0.0018568300861901727	0.0026605326608098003	0.0025219632513926223	0.004489648865116537	0.0026328187789263643	0.0016351190311226893	0.0019122578499570428	0.0037690879361472174	0.0018568300861901727	0.0014411218579386412	0.00030485270071778955	0.00169054679488956	0.0006928470470858853	0.0011362691572208519	0.000886844220269933	0.0008037025746196268	0.0013302663304048993	0.0006928470470858851	0.004378793337582796	0.0005265637557852728	0.0003879943463680958	0.00138569409417177	0.00019399717318404787	0.00011085552753374165	0.0006928470470858852	0.0015242635035889475	0.00038799434636809573	0.0005819915195521436	0.0007205609289693208	0.00022171105506748327	0.0007205609289693206	0.0007482748108527561	0.00022171105506748327	0.00016628329130061246	0.0002217110550674833	0.0002771388188343541	5.5427763766870823e-05	0.0	0.0	0.0	0.0	0.0	0.0	8.314164565030623e-05	0.0	0.0	5.5427763766870823e-05	2.7713881883435412e-05	2.7713881883435412e-05	0.0	5.5427763766870823e-05	2.7713881883435412e-05	0.0002217110550674833	8.314164565030623e-05	2.7713881883435412e-05	0.0	0.0	0.0	0.0	2.7713881883435412e-05	0.0	0.0	2.7713881883435412e-05	0.0	0.0	2.7713881883435412e-05	0.0	5.5427763766870823e-05	0.0	2.7713881883435412e-05	2.7713881883435412e-05	0.0	0.0	0.0	0.0	2.7713881883435412e-05	0.0	0.0	2.7713881883435412e-05	0.0	0.0	0.0	0.0	0.0	0.0	2.7713881883435412e-05	0.0	0.0	0.0	0.0	0.0	0.0	0.0	2.7713881883435412e-05	0.0	0.0	0.0	0.0	0.0	0.0	0.0	0.0	0.0	0.0	0.0	0.0	0.0	0.0	0.0	0.0	0.0	0.0
191206	0.39560545696003685	0.27625256549559113	0.10117107328262731	0.019340818544005767	0.02103102740552938	0.0250150911505493	0.019002776771701046	0.021634673427502058	0.02008933961125196	0.006664252082578776	0.01714354702402511	0.008185440057950017	0.004780876494023904	0.0028009175419533997	0.004925751539297355	0.0016660630206446934	0.00630206446939515	0.003718459495351928	0.0019558131111915974	0.00398406374501992	0.0023662924061330437	0.0040565012676566465	0.0017626463841603286	0.0015453338162501509	0.0021248339973439587	0.004442834721719185	0.0019316672703126887	0.0013280212483399736	0.00031389593142581193	0.0010141253169141616	0.0006036460219727152	0.0008692502716407102	0.0006519377037305324	0.0013763129300977904	0.0008933961125196188	0.001255583725703248	0.003211396836894845	0.0007002293854883498	0.0003138959314258119	0.00041047929494144626	0.00019316672703126883	0.0002656042496679947	0.0004104792949414463	0.0010624169986719785	0.0006036460219727153	0.0006036460219727153	0.0007968127490039842	0.0006036460219727153	0.000627791862851624	0.000362187613183629	0.00038633345406253767	0.0002897500905469033	0.0002656042496679947	0.00019316672703126886	2.4145840878908608e-05	0.0	0.0	0.0	9.658336351563443e-05	0.0	2.4145840878908608e-05	4.8291681757817215e-05	2.4145840878908608e-05	4.8291681757817215e-05	4.8291681757817215e-05	2.4145840878908608e-05	0.0	0.0	0.0	4.8291681757817215e-05	9.658336351563443e-05	2.4145840878908608e-05	0.0	0.0	4.8291681757817215e-05	4.8291681757817215e-05	0.0	0.0	4.8291681757817215e-05	0.0	0.0	0.0	0.0	0.0	0.0	2.4145840878908608e-05	0.0	9.658336351563443e-05	4.8291681757817215e-05	0.0	2.4145840878908608e-05	0.0	0.0	0.0	0.0	0.0	2.4145840878908608e-05	0.0	0.0	2.4145840878908608e-05	0.0	0.0	0.0	0.0	0.0	0.0	0.0	0.0	0.0	0.0	0.0	0.0	0.0	0.0	0.0	0.0	0.0	0.0	0.0	0.0	0.0	0.0	0.0	0.0	0.0	0.0	0.0	0.0	0.0	0.0
191213	0.43116646521975005	0.24417117732583715	0.11261758368805537	0.018813390088811763	0.021108133200203164	0.023578047541471754	0.015572722336083528	0.020092140066915298	0.025067002995428023	0.005272654019303869	0.017814914078511716	0.006148510168689896	0.004974862928512623	0.002575017079194914	0.006376232767530262	0.0010510273792632297	0.00653388687441975	0.0028552910469984414	0.001523989699931683	0.003591010212482702	0.002049503389563298	0.0022597088654159442	0.0014714383309685217	0.0008583390263983043	0.0013137842240790374	0.002049503389563298	0.0016991609298088882	0.0008057876574351428	0.00019268835286492545	0.0012437157321281555	0.0005079965666438944	0.0007532362884719812	0.0009459246413369067	0.0013838527160299193	0.0012086814861527147	0.0008933732723737451	0.002785222555047559	0.0005255136896316149	0.00014013698390176398	0.0005430308126193351	0.00010510273792632299	0.0002977910907912485	0.0004028938287175714	0.0008233047804228632	0.00014013698390176398	0.0007707534114597017	0.0003853767057298509	0.0004028938287175714	0.0002977910907912484	0.00038537670572985085	0.00015765410688948448	0.00017517122987720498	0.00021020547585264598	0.00021020547585264598	3.5034245975440995e-05	3.5034245975440995e-05	0.0	0.0	0.0	1.7517122987720497e-05	0.0	0.0	1.7517122987720497e-05	0.0	0.00010510273792632299	0.0	7.006849195088199e-05	0.0	0.0	0.0	0.0	0.00012261986091404348	0.0	0.0	1.7517122987720497e-05	3.5034245975440995e-05	0.0	0.0	1.7517122987720497e-05	0.0	1.7517122987720497e-05	0.0	1.7517122987720497e-05	0.0	0.0	0.0	0.0	3.5034245975440995e-05	0.0	0.0	0.0	0.0	0.0	1.7517122987720497e-05	0.0	3.5034245975440995e-05	0.0	1.7517122987720497e-05	0.0	3.5034245975440995e-05	0.0	0.0	0.0	0.0	0.0	0.0	0.0	0.0	0.0	0.0	0.0	0.0	1.7517122987720497e-05	3.5034245975440995e-05	0.0	0.0	0.0	0.0	0.0	0.0	0.0	0.0	0.0	0.0	0.0	0.0	0.0	0.0	0.0	0.0
191220	0.33018437508386855	0.2720270524140528	0.13759695123587698	0.021255468183892047	0.033627653578808946	0.037197069321811056	0.02643514666809804	0.019537854593274527	0.02313410804862994	0.006655752663642951	0.017444513029709362	0.00829285311720029	0.0034352271812350716	0.004911301360672018	0.0040524945653632495	0.0026569335229865	0.0055285687448002	0.0026569335229865002	0.0029521483588738893	0.005582244169506992	0.0017176135906175358	0.0032742009071146778	0.0008856445076621667	0.0022275301253321168	0.0015565873164971415	0.002522744961219505	0.0018518021523845308	0.0015565873164971415	0.000134188561766995	0.0008588067953087679	0.0007514559458951718	0.0010198330694291618	0.00021470169882719197	0.0021470169882719194	0.0014760741794369442	0.0016102627412039397	0.0020128284265049246	0.0010198330694291618	0.000509916534714581	0.0005635919594213789	0.00026837712353399	0.00034889026059418694	0.00040256568530098503	0.0009393199323689649	0.000375727972947586	0.0005635919594213789	0.000966157644722364	0.0009393199323689649	0.00045624111000778296	0.000295214835887389	0.00016102627412039399	0.000348890260594187	0.000134188561766995	0.000295214835887389	0.0	0.0	0.0	5.367542470679799e-05	2.6837712353398997e-05	0.0	0.0	5.367542470679799e-05	0.0	0.0	0.0	0.0	5.367542470679799e-05	0.0	0.0	0.0	0.00010735084941359599	2.6837712353398997e-05	0.0	0.0	0.0	0.0	0.0	0.0	2.6837712353398997e-05	0.0	0.0	2.6837712353398997e-05	2.6837712353398997e-05	0.0	0.0	0.0	0.0	0.0	0.0	0.0	0.0	0.0	0.0	2.6837712353398997e-05	0.0	0.0	0.0	0.0	0.0	0.0	0.0	0.0	0.0	0.0	0.0	0.0	0.0	0.0	0.0	0.0	0.0	0.0	0.0	0.0	0.0	0.0	0.0	0.0	0.0	0.0	0.0	0.0	0.0	0.0	0.0	0.0	0.0	0.0	0.0	0.0
200103	0.3749432378685597	0.2947089864240601	0.11328938508995844	0.016582371639290376	0.022407340713715317	0.044266633261826026	0.017349639071136673	0.019338270986330182	0.029704210575763744	0.0038989712353005653	0.010773061083882693	0.005355213503906796	0.0026619482329361286	0.002160875624383446	0.0031003867654197273	0.003413557145765155	0.004995067566509554	0.001471900787623507	0.0013466326354853357	0.0032099963985406264	0.001127413369243537	0.0012213644833471654	0.000861218545949924	0.0020982415483143608	0.0016284859777962206	0.0016911200538653054	0.0013622911545026072	0.000454097051500869	7.829259508635673e-05	0.0007829259508635673	0.0007046333557772105	0.0005637066846217682	9.395111410362807e-05	0.0015188763446753208	0.0011743889262953516	0.0007046333557772103	0.0020042904342107326	0.0001722437091899848	0.0001722437091899848	0.0003131703803454269	0.0001409266711554421	0.00034448741837996954	0.00028185334231088427	0.0005637066846217683	0.0010021452171053663	0.00034448741837996965	0.00042278001346632624	0.0005793652036390397	0.00042278001346632635	0.0003914629754317836	0.0003288288993626983	0.00042278001346632635	4.6975557051814036e-05	0.00021921926624179883	3.131703803454269e-05	0.0	0.0	0.0	0.0	0.0	3.131703803454269e-05	0.00010960963312089943	1.5658519017271345e-05	0.0	1.5658519017271345e-05	0.0	3.131703803454269e-05	0.0	0.00012526815213817076	1.5658519017271345e-05	1.5658519017271345e-05	4.6975557051814036e-05	0.0	0.0	0.0	6.263407606908538e-05	0.0	0.0	3.131703803454269e-05	1.5658519017271345e-05	3.131703803454269e-05	1.5658519017271345e-05	0.0	0.0	3.131703803454269e-05	0.0	0.0	0.0	4.6975557051814036e-05	0.0	0.0	0.0	0.0	1.5658519017271345e-05	0.0	0.0	0.0	1.5658519017271345e-05	0.0	0.0	1.5658519017271345e-05	0.0	0.0	0.0	0.0	0.0	0.0	0.0	0.0	1.5658519017271345e-05	0.0	0.0	1.5658519017271345e-05	0.0	3.131703803454269e-05	0.0	0.0	0.0	0.0	0.0	0.0	0.0	0.0	0.0	0.0	0.0	0.0	0.0	0.0	0.0
200110	0.3358254555910988	0.3605909205276564	0.10822759785773298	0.011627906976744172	0.019086301714532215	0.04766183817979229	0.016282664174544426	0.014485460623270163	0.0334100140181877	0.0031271341792171383	0.01038783652636497	0.0030732180726789128	0.002120700190503577	0.001222098414866468	0.0017253154092232487	0.0019050357643506709	0.004241400381007151	0.0004493008878185543	0.0008626577046116242	0.0026239171848603574	0.0006649653139714604	0.0010783221307645308	0.0005391610653822652	0.00124007045037921	0.001833147622299702	0.0007009093849969447	0.0020667840839653506	0.0005571331008950073	7.18881420509687e-05	0.0006469932784587182	0.001024406024226304	0.0003414686747421012	5.391610653822653e-05	0.0008986017756371086	0.0008986017756371084	0.0008446856690988821	0.0018690916933251861	0.00017972035512742177	0.0001976923906401639	0.00026958053269113264	5.391610653822653e-05	0.0003234966392293591	0.0001976923906401639	0.0004672729233312965	0.0012220984148664678	0.0004852449588440386	0.0005391610653822652	0.00037741274576758564	0.0003594407102548434	0.0003234966392293591	0.0002695805326911326	0.0001437762841019374	0.0	7.18881420509687e-05	1.7972035512742175e-05	0.0	0.0	0.0	0.0	0.0	0.0	1.7972035512742175e-05	0.0	0.0	1.7972035512742175e-05	0.0	1.7972035512742175e-05	0.0	0.0	3.594407102548435e-05	1.7972035512742175e-05	0.0	0.0	0.0	0.0	0.0	0.0	0.0	3.594407102548435e-05	0.0	0.0	0.0	3.594407102548435e-05	0.0	0.0	0.0	0.0	0.0	0.0	1.7972035512742175e-05	0.0	0.0	0.0	0.0	0.0	0.0	1.7972035512742175e-05	1.7972035512742175e-05	0.0	0.0	0.0	0.0	0.0	0.0	0.0	0.0	0.0	0.0	0.0	0.0	0.0	0.0	0.0	0.0	0.0	0.0	0.0	0.0	0.0	0.0	0.0	0.0	0.0	0.0	0.0	0.0	0.0	0.0	0.0	0.0
200117	0.33727198156322125	0.35697824303738385	0.1013632279989061	0.012440920276551696	0.020643724854497864	0.04534979102378816	0.020721846802859236	0.010683176438420348	0.03509628530135543	0.0026170852701066366	0.010995664231865944	0.006034920510917542	0.0026756767313776803	0.0024803718604742005	0.001152298738330534	0.001425725557595407	0.002988164524823247	0.0006249755868911371	0.0009569938674270535	0.00347642670208195	0.001035115815788446	0.0006445060739814851	0.0004882621772587008	0.0018553962735830634	0.0031834693957267287	0.001074176789969142	0.0019335182219444554	0.00021483535799382837	7.812194836139214e-05	0.0009569938674270536	0.0015429084801374948	0.00035154876762626456	0.0001171829225420882	0.000624975586891137	0.0007421585094332251	0.0012694816608726223	0.0007812194836139214	0.0004101402288973087	0.0004687316901683527	0.00031248779344556844	7.812194836139214e-05	0.0006640365610718331	0.0001757743838131323	0.00031248779344556844	0.0010937072770594901	0.00021483535799382837	0.00037107925471661256	0.000546853638529745	0.0005859146127104411	0.00035154876762626456	0.0004882621772587009	0.0003906097418069607	7.812194836139214e-05	0.0001171829225420882	3.906097418069607e-05	0.0	0.0	0.0	0.0	1.9530487090348034e-05	0.0	0.0	5.85914612710441e-05	5.85914612710441e-05	1.9530487090348034e-05	1.9530487090348034e-05	3.906097418069607e-05	0.0	0.0	0.0	0.0	0.0	0.0	0.0	3.906097418069607e-05	1.9530487090348034e-05	0.0	0.0	1.9530487090348034e-05	0.0	0.0	0.0	0.0	0.0	1.9530487090348034e-05	1.9530487090348034e-05	0.0	0.0	0.0	7.812194836139214e-05	0.0	0.0	0.0	0.0	1.9530487090348034e-05	0.0	0.0	0.0	0.0	0.0	0.0	0.0	0.0	0.0	0.0	0.0	0.0	0.0	0.0	0.0	0.0	0.0	0.0	0.0	0.0	0.0	0.0	0.0	0.0	0.0	0.0	0.0	0.0	0.0	0.0	0.0	0.0	0.0	0.0	0.0
200124	0.3543273553210627	0.32282843577974507	0.09544314579094335	0.011246234167731368	0.021167526301676655	0.05198820170665155	0.018911970220350474	0.009227274878152676	0.0427766999479487	0.0032019432483162196	0.01596239688323159	0.0078076941276676295	0.0029968926954683822	0.004511112162652408	0.0019085474534298653	0.0011356646003880186	0.002082051767378033	0.0005836054196438428	0.0016404044227826937	0.003201943248316219	0.0014669001088345242	0.0005205129418445085	0.0006782441363428444	0.003375447562264389	0.0029338002176690476	0.001514219467184025	0.0017350431394816952	0.0001892774333980031	0.00012618495559866874	0.0007413366141421788	0.002586791589772709	0.0001892774333980031	6.309247779933437e-05	0.0007886559724916795	0.0007886559724916795	0.0009937065253395163	0.001041025883689017	0.0007097903752425117	0.00039432798624583986	0.0003470086278963391	0.0002050505528478367	0.0005205129418445086	0.0002050505528478367	0.00028391615009700465	0.0007097903752425116	0.00033123550844650553	0.00022082367229767026	0.000930614047540182	0.0005362860612943422	0.0002208236722976703	0.000425874225145507	0.0007255634946923453	1.5773119449833593e-05	0.00012618495559866874	1.5773119449833593e-05	0.0	0.0	0.0	0.0	0.0	0.0	1.5773119449833593e-05	1.5773119449833593e-05	4.7319358349500774e-05	1.5773119449833593e-05	0.0	3.1546238899667185e-05	0.0	0.0	0.0	1.5773119449833593e-05	1.5773119449833593e-05	0.0	0.0	1.5773119449833593e-05	3.1546238899667185e-05	0.0	0.0	0.0	1.5773119449833593e-05	0.0	3.1546238899667185e-05	0.0	0.0	0.0	1.5773119449833593e-05	0.0	0.0	1.5773119449833593e-05	7.886559724916797e-05	1.5773119449833593e-05	0.0	0.0	0.0	0.0	0.0	0.0	0.0	0.0	0.0	0.0	0.0	0.0	0.0	0.0	0.0	0.0	0.0	0.0	1.5773119449833593e-05	0.0	0.0	0.0	0.0	0.0	0.0	0.0	0.0	0.0	0.0	0.0	0.0	0.0	0.0	0.0	0.0	0.0	0.0	0.0	0.0
200131	0.5833333333333333	0.08333333333333333	0.16666666666666666	0.0	0.0	0.0	0.0	0.08333333333333333	0.0	0.0	0.0	0.0	0.0	0.0	0.0	0.08333333333333333	0.0	0.0	0.0	0.0	0.0	0.0	0.0	0.0	0.0	0.0	0.0	0.0	0.0	0.0	0.0	0.0	0.0	0.0	0.0	0.0	0.0	0.0	0.0	0.0	0.0	0.0	0.0	0.0	0.0	0.0	0.0	0.0	0.0	0.0	0.0	0.0	0.0	0.0	0.0	0.0	0.0	0.0	0.0	0.0	0.0	0.0	0.0	0.0	0.0	0.0	0.0	0.0	0.0	0.0	0.0	0.0	0.0	0.0	0.0	0.0	0.0	0.0	0.0	0.0	0.0	0.0	0.0	0.0	0.0	0.0	0.0	0.0	0.0	0.0	0.0	0.0	0.0	0.0	0.0	0.0	0.0	0.0	0.0	0.0	0.0	0.0	0.0	0.0	0.0	0.0	0.0	0.0	0.0	0.0	0.0	0.0	0.0	0.0	0.0	0.0	0.0	0.0	0.0	0.0	0.0	0.0	0.0	0.0	0.0	0.0	0.0	0.0	0.0	0.0
200205	0.32826299507926215	0.35778743047653205	0.08450207568641899	0.012229719982689277	0.01872124893811409	0.04430268156245501	0.02391447210245396	0.006988411418679571	0.03858051900174712	0.0032377502444341146	0.022423824712689746	0.007950119412075846	0.002788953180849188	0.004375771369953036	0.0009617079933962717	0.00046482553014153135	0.0022439853179246337	0.000577024796037763	0.00219589991825482	0.0025485261825001202	0.0022600137844812386	0.0006251101957075766	0.0006090817291509721	0.003269807177547324	0.0008655371940566444	0.0004487970635849267	0.002083700652358589	0.0003846831973585087	0.0003686547308019042	0.0007533379281604129	0.008447001875330592	0.0005289393963679493	8.014233278302266e-05	0.0007693663947170174	0.0007373094616038081	0.0019875298530189615	0.0020837006523585886	0.0009617079933962717	0.00025645546490567244	0.00044879706358492673	0.0004808539966981359	0.0007373094616038084	0.00012822773245283625	0.00017631313212264986	0.0007052525284905992	0.00036865473080190407	0.0002083700652358589	0.001362419657311385	0.0006571671288207857	6.411386622641812e-05	0.0004487970635849268	0.0008975941271698537	9.61707993396272e-05	0.00014425619900944079	1.602846655660453e-05	0.0	0.0	0.0	0.0	1.602846655660453e-05	0.0	4.8085399669813586e-05	1.602846655660453e-05	1.602846655660453e-05	3.205693311320906e-05	1.602846655660453e-05	3.205693311320906e-05	0.0	0.0	4.808539966981359e-05	0.0	0.0	0.0	1.602846655660453e-05	4.8085399669813586e-05	0.0	0.0	1.602846655660453e-05	0.0	0.0	1.602846655660453e-05	0.0	3.205693311320906e-05	0.0	6.411386622641812e-05	0.0	1.602846655660453e-05	0.0	0.0	1.602846655660453e-05	0.0	0.0	0.0	1.602846655660453e-05	0.0	0.0	0.0	0.0	0.0	0.0	1.602846655660453e-05	0.0	0.0	0.0	0.0	0.0	0.0	0.0	0.0	0.0	0.0	0.0	0.0	0.0	0.0	0.0	0.0	0.0	0.0	0.0	0.0	0.0	0.0	0.0	0.0	0.0	0.0	0.0	0.0	0.0
