	Alphaproteobacteria	Gammaproteobacteria	Bacteroidia	Actinobacteria	Acidobacteriae	Verrucomicrobiae	Bacilli	Bacteria_unclassified	Planctomycetes	Saccharimonadia	Vicinamibacteria	Anaerolineae	Polyangia	Phycisphaerae	Acidimicrobiia	Gemmatimonadetes	Babeliae	Thermoleophilia	Blastocatellia	Parcubacteria	Bdellovibrionia	KD4-96	Chloroflexia	Myxococcia	Fimbriimonadia	Abditibacteria	Clostridia	Proteobacteria_unclassified	Chlamydiae	Kapabacteria	Oligoflexia	Sericytochromatia	Dehalococcoidia	Actinobacteriota_unclassified	WPS-2_cl	Chloroflexi_unclassified	Thermoanaerobaculia	Bacteroidota_unclassified	NB1-j_cl	Longimicrobia	SJA-28	Vampirivibrionia	TK10	Limnochordia	Gitt-GS-136	JG30-KF-CM66	Fibrobacteria	Ktedonobacteria	S0134_terrestrial_group	Firmicutes_unclassified	OLB14	Sumerlaeia	Nitrospiria	Desulfobacterota_class	Subgroup_5	OM190	Rhodothermia	Cyanobacteriia	Methanosarcinia	Ignavibacteria	MBNT15_cl	AD3	Symbiobacteriia	Gracilibacteria	MB-A2-108	Cyanobacteria_unclassified	Kiritimatiellae	Desulfotomaculia	vadinHA49	Desulfuromonadia	Deinococci	BD7-11	Holophagae	Syntrophobacteria	Hydrogenedentia	ABY1	Planctomycetota_unclassified	WS2_cl	BD2-11_terrestrial_group	Berkelbacteria	Desulfobulbia	Myxococcota_unclassified	Kryptonia	RCP2-54_cl	Patescibacteria_class	Nanoarchaeia	AT-s3-28	Syntrophomonadia	Elusimicrobia	Zixibacteria_cl	Spirochaetia	Lineage_IIb	Gemmatimonadota_unclassified	Halanaerobiia	Patescibacteria_unclassified	Acidobacteriota_unclassified	Methanomicrobia	Latescibacterota_cl	Dethiobacteria	Desulfitobacteriia	FCPU426_cl	Subgroup_21	D8A-2	SAR324_clade(Marine_group_B)_cl	Subgroup_18	Incertae_Sedis	Negativicutes	Desulfobacterota_unclassified	Bathyarchaeia	Dojkabacteria	Methylomirabilia	Leptospirae	Latescibacteria	Moorellia	Chitinivibrionia	Bdellovibrionota_unclassified	Verrucomicrobiota_unclassified	Microgenomatia	Lineage_IIa	Subgroup_22	Coriobacteriia	Thermovenabulia	Lentisphaeria	Calditrichia	Thermacetogenia	Desulfovibrionia	Dadabacteriia	Pla4_lineage	Margulisbacteria_cl	N9D0	Kazania	bacteriap25	Firmicutes_class	Pla3_lineage	Syntrophia	Thermoplasmata	Nitrososphaeria	Thermaerobacteria	Omnitrophia	WS4_cl	Caldatribacteriia	Aminicenantia	Caldisericia	Methanobacteria	Thermoanaerobacteria	Endomicrobia	P2-11E	Subgroup_11	Chthonomonadetes	028H05-P-BN-P5	Entotheonellia	Desulfobacteria	Synergistia	Fusobacteriia	BRH-c20a	Leptospirillia
10j	0.31123678137600785	0.15002662744402043	0.06479344711282461	0.08071919458321762	0.015443917531001931	0.018715289224761088	0.020744046864301566	0.01194431060279453	0.0423249562549138	0.014809930768645526	0.043846524484568994	0.02710927395835983	0.018816727106738082	0.009535160905840265	0.03281515481956748	0.007734638500748109	0.0021301955215175107	0.017269799406588456	0.015266401237542132	0.0026627444018968867	0.00408287474957523	0.015063525473588092	0.0056298024497248595	0.0013694114066898288	0.0018766008165749502	0.00015215682296553648	0.005249410392311018	0.0005325488803793778	0.004818299393908662	0.00010143788197702432	0.0033728095757360557	0.0004057515279080973	0.003905358456115434	0.001217254583724292	0.0002789541754368169	0.0012426140542185482	0.0038799989856211805	0.0002789541754368169	0.0018766008165749502	0.0005832678213678897	0.0030431364593107276	0.0004818299393908656	0.0014454898181725968	0.0023584307559658137	0.0033474501052418	0.0018258818755864388	0.0012679735247128044	7.607841148276824e-05	0.0014201303476783411	0.0008622219968047063	0.0017751629345979262	0.000684705703344914	0.0005071894098851216	0.0014201303476783407	0.0013186924657013167	0.0005325488803793777	0.0011411761722415236	0.0	0.0003550325869195851	0.0007607841148276823	0.0008875814672989629	0.0	0.0005832678213678898	0.0005325488803793777	0.0011411761722415236	2.535947049425608e-05	5.071894098851216e-05	0.0005071894098851217	0.0001267973524712804	0.0003550325869195852	0.0005071894098851216	2.535947049425608e-05	0.00010143788197702432	0.0005832678213678898	0.0002535947049425608	0.00035503258691958517	0.0002282352344483047	0.0004311109984023534	0.0001267973524712804	5.071894098851216e-05	0.0	7.607841148276824e-05	0.00010143788197702432	0.0003803920574138412	0.0004564704688966094	0.0001267973524712804	0.00035503258691958517	0.0001267973524712804	0.00010143788197702432	7.607841148276824e-05	5.071894098851216e-05	0.00017751629345979256	0.0	0.00020287576395404863	0.0003803920574138412	0.0	0.0	0.00010143788197702432	0.0001267973524712804	0.00017751629345979256	2.535947049425608e-05	7.607841148276824e-05	2.535947049425608e-05	7.607841148276824e-05	0.00015215682296553648	0.0001267973524712804	0.00010143788197702432	2.535947049425608e-05	5.071894098851216e-05	5.071894098851216e-05	0.00010143788197702432	5.071894098851216e-05	2.535947049425608e-05	0.00010143788197702432	5.071894098851216e-05	0.0	0.0	2.535947049425608e-05	5.071894098851216e-05	0.00010143788197702432	2.535947049425608e-05	0.0	0.0	2.535947049425608e-05	2.535947049425608e-05	0.0	7.607841148276824e-05	0.0	0.0	0.0	5.071894098851216e-05	5.071894098851216e-05	0.0	7.607841148276824e-05	0.0	0.0	0.0	0.0	0.0	0.0	0.0	0.0	0.0	0.0	0.0	5.071894098851216e-05	0.0	2.535947049425608e-05	0.0	0.0	0.0	0.0	0.0	0.0	0.0	0.0
11j	0.21989068636875925	0.16454722733390434	0.4187975500562834	0.09173555988903637	0.02735587354774924	0.018237249031832825	0.0009613007772803424	0.002059930237029304	0.006179790711087925	0.0057403389271883385	0.0009063693042928945	0.0030212310143096473	0.004229723420033512	0.008349583894092134	0.002471916284435166	0.002444450547941442	0.0009613007772803425	0.0015380812436485473	0.0012084924057238593	0.0016204784531297202	0.0017578071355983406	0.0	0.0026367107033975104	0.002334587601966546	0.0010436979867615148	0.004476915048477029	0.0001373286824686204	0.0004394517838995853	0.000686643412343102	0.00016479441896234448	0.00035705457441841305	0.0008239720948117222	8.239720948117224e-05	0.0004394517838995853	0.0002746573649372408	0.0001373286824686204	0.0	5.493147298744816e-05	0.0	0.0002471916284435167	0.0	0.00043945178389958526	2.746573649372408e-05	0.0	0.0	0.0	5.493147298744816e-05	5.493147298744816e-05	0.0	2.746573649372408e-05	8.239720948117224e-05	0.0002746573649372408	0.0	0.0	0.0	2.746573649372408e-05	0.0	2.746573649372408e-05	0.0	0.0	0.0	0.0	0.0	0.0	0.0	0.0001373286824686204	5.493147298744816e-05	0.0	5.493147298744816e-05	0.0	0.0	0.0001373286824686204	5.493147298744816e-05	0.0	0.0	0.0	0.0	0.0	0.0	0.0	0.0001373286824686204	0.0	0.0	0.0	0.0	0.0	0.0	0.0	0.0	0.0	0.0	0.0	0.0	0.0	0.0	0.0	0.0	0.0	0.0	0.0	0.0	0.0	0.0	0.0	0.0	0.0	0.0	0.0	0.0	0.0	0.0	0.0	0.0	0.0	0.0	0.0	0.0	0.0	0.0	0.0	0.0	0.0	0.0	0.0	0.0	0.0	0.0	0.0	0.0	0.0	0.0	0.0	0.0	0.0	0.0	0.0	0.0	0.0	0.0	0.0	0.0	0.0	0.0	5.493147298744816e-05	0.0	0.0	0.0	0.0	0.0	0.0	0.0	0.0	0.0	0.0	0.0	0.0
12j	0.3029467775884388	0.16823694497344144	0.22992883632354663	0.22286258394307196	0.01879322441615721	0.008569710333767659	0.0013531121579633155	0.0031071464368046544	0.004309912799438713	0.002806454846146138	0.0012528816277438107	0.0034579532925729196	0.0030570311716948996	0.004059336473889949	0.002605993785707127	0.003357722762353415	0.0008018442417560388	0.001353112157963315	0.0006514984464267815	0.0006514984464267815	0.001403227423073068	0.0	0.0026059937857071274	0.001503457953292573	0.0016036884835120776	0.002806454846146137	0.00010023053021950487	0.0010023053021950483	0.0002505763255487622	0.00015034579532925728	0.00020046106043900973	0.0011025358324145535	0.0	0.0005512679162072767	0.00010023053021950487	0.00010023053021950487	0.0	0.00015034579532925728	0.0	0.0006514984464267816	0.0	0.00015034579532925728	5.011526510975243e-05	0.0	0.0	0.0	0.0	0.0002505763255487622	0.0	0.0	5.011526510975243e-05	0.00030069159065851457	0.0	0.0	0.0	0.0	0.0	0.0	0.0	0.00010023053021950487	0.0	5.011526510975243e-05	0.0	0.0	0.0	0.0	0.0	0.0	0.0	0.0	0.0	5.011526510975243e-05	0.00010023053021950487	0.0	0.0	0.0	0.00015034579532925728	0.0	0.0	0.0	0.00015034579532925728	0.0	0.0	0.0	0.0	0.0	0.0	0.0	0.0	0.0	0.0	5.011526510975243e-05	0.0	0.0	0.0	5.011526510975243e-05	0.0	0.0	0.0	0.0	0.0	0.0	0.0	0.0	0.0	0.0	0.0	0.0	0.0	0.0	0.0	0.0	0.0	0.0	0.0	0.0	0.0	0.0	0.0	0.0	0.0	0.0	0.0	0.0	0.0	5.011526510975243e-05	0.0	0.0	0.0	0.0	0.0	0.0	0.0	0.0	0.0	0.0	0.0	0.0	0.0	0.0	0.0	0.0	0.0	0.0	0.0	0.0	0.0	0.0	0.0	0.0	0.0	0.0	0.0	0.0	0.0	0.0
13j	0.3408962243609187	0.19004485476635988	0.2446108957888741	0.11370465531507308	0.029438662195706226	0.013020946740408471	0.0010016112877237295	0.0027435439620258637	0.006967730697208548	0.00352741366546183	0.001524191090014371	0.004790314854330879	0.00522579802290641	0.008753211688368241	0.00404999346775247	0.004790314854330879	0.0006532247528633019	0.0017854809911596917	0.0010016112877237295	0.001524191090014371	0.001045159604581283	0.0	0.0036580586160344895	0.0017854809911596917	0.002046770892305012	0.0037016069328920428	0.00013064495057266037	0.0006967730697208553	0.0005661281191481949	0.0005225798022906415	0.00017419326743021383	0.001611287723729478	0.00021774158428776729	0.0005661281191481949	0.00017419326743021383	4.354831685755346e-05	0.0	0.00013064495057266037	4.354831685755346e-05	0.001045159604581283	0.0	0.0003919348517179811	8.709663371510691e-05	4.354831685755346e-05	0.0	0.0003048382180028742	0.0	4.354831685755346e-05	0.0	0.0	0.0	0.00017419326743021383	4.354831685755346e-05	0.0	0.0	0.0	0.0	0.0	0.0	0.0	0.0	0.0	0.0	0.0	0.0	0.0	8.709663371510691e-05	0.0	0.00013064495057266037	0.0	0.0	0.0	0.00013064495057266037	0.0	0.0	8.709663371510691e-05	0.0	0.0	0.0	0.0	0.0	4.354831685755346e-05	0.0	4.354831685755346e-05	4.354831685755346e-05	0.0	0.0	0.0	0.0	0.0	0.0	0.0	8.709663371510691e-05	0.0	0.0	4.354831685755346e-05	0.0	0.0	0.0	0.0	0.0	0.0	0.0	0.0	0.0	0.0	0.0	0.0	0.0	0.0	0.0	0.0	0.0	0.0	0.0	0.0	0.0	0.0	0.0	0.0	0.0	0.0	0.0	0.0	0.0	0.0	0.0	0.0	0.0	0.0	0.0	0.0	0.0	0.0	0.0	0.0	0.0	0.0	0.0	0.0	0.0	0.0	0.0	0.0	0.0	0.0	0.0	0.0	0.0	0.0	0.0	0.0	0.0	0.0	0.0	0.0
14j	0.31623959846781496	0.12868181217804897	0.30897503632279266	0.13020076608109993	0.028133667943468544	0.016114119667150987	0.0011227050587769118	0.004061550653810588	0.008453308677849698	0.004887069079381855	0.002014264958393872	0.0035332188614449873	0.005613525293884562	0.009410910051512358	0.004028529916787743	0.0049861312904504055	0.0008255184255712587	0.0017170783251882196	0.0005943732664113061	0.0017170783251882185	0.001485933166028266	0.0	0.0034341566503764357	0.0034011359133535846	0.0019812442213710214	0.0016180161141196674	0.0002311451591599524	0.0005613525293884558	0.0004953110553427552	3.302073702285035e-05	0.0005283317923656056	0.001023642847708361	0.00023114515915995245	0.00026416589618280273	6.60414740457007e-05	0.00019812442213710206	0.0	0.00016510368511425173	0.0	0.0002971866332056531	0.0	0.00036322810725135385	9.906221106855105e-05	0.0	0.0	0.0001320829480914014	0.0	0.0	0.0	0.0	0.00023114515915995245	0.00036322810725135385	0.0	0.0	0.0	9.906221106855105e-05	0.0	0.0	0.0	6.60414740457007e-05	0.0	9.906221106855105e-05	0.0	0.0	0.0	3.302073702285035e-05	0.00016510368511425176	0.0	9.906221106855105e-05	0.0	0.0	0.00033020737022850346	0.0002641658961828028	0.0	0.0	0.0	0.0	0.0	0.0	0.0	0.0001320829480914014	0.0	0.0	0.0	0.0	0.0	0.0	0.0	0.0	0.0	9.906221106855105e-05	0.0	0.0	0.0	0.0	0.0	0.0	0.0	0.0	0.0	0.0	0.0	0.0	0.0	0.0	0.0	0.0	0.0	0.0	3.302073702285035e-05	0.0	0.0	0.0	0.0	0.0	0.0	0.0	0.0	0.0	0.0	0.0	0.0	0.0	0.0	0.0	0.0	0.0	0.0	0.0	0.0	0.0	0.0	0.0	0.0	0.0	6.60414740457007e-05	0.0	0.0	0.0	0.0	0.0	0.0	0.0	0.0	0.0	0.0	0.0	0.0	0.0	0.0	0.0	0.0	0.0	0.0	0.0	0.0
15j	0.27694589631302435	0.13494137590055255	0.30798841644298225	0.1563427037717211	0.033832462212177075	0.02044780336205676	0.0013066817347082917	0.0050501483260347434	0.010064980929509812	0.005226726938833166	0.001200734567029241	0.005650515609549366	0.00508546404859443	0.005756462777228415	0.0027193106370956353	0.0032843621980505723	0.001306681734708292	0.0010241559542308236	0.0006003672835146207	0.0014832603475067093	0.0015892075151857602	0.00021189433535810144	0.00324904647549089	0.000918208786551773	0.0014126289023873426	0.004873569713236328	0.00017657861279841785	0.0007063144511936716	0.0008122616188727223	0.00014126289023873428	0.0005297358383952536	0.0004237886707162028	0.00014126289023873428	0.0005297358383952536	0.0003178415030371522	0.00010594716767905072	0.0	0.00017657861279841785	0.0	0.0007063144511936715	0.0	0.0006356830060743042	7.063144511936714e-05	3.531572255968357e-05	0.0	0.00010594716767905072	7.063144511936714e-05	0.0002825257804774686	0.0	0.0	0.0	0.00010594716767905072	0.0	0.0	0.0	0.0	0.0	0.0	0.0	7.063144511936714e-05	0.0	7.063144511936714e-05	0.0	0.0	0.0	0.0	0.00049442011583557	0.0	3.531572255968357e-05	0.0	0.0	0.0	0.00010594716767905072	0.0	0.0	0.0	0.0	0.0	0.0	0.0	0.0004237886707162029	7.063144511936714e-05	0.0	0.0	0.0	0.0	0.0	0.0	0.0	0.0	3.531572255968357e-05	0.0	0.0	0.0	0.0	3.531572255968357e-05	0.0	0.0	0.0	0.0	0.0	0.0	0.0	0.0	0.0	0.0	0.0	0.0	0.0	0.0	0.0	0.0	0.0	0.0	0.0	0.0	3.531572255968357e-05	0.0	0.0	0.0	0.0	0.0	3.531572255968357e-05	0.0	0.0	0.0	0.0	0.0	0.0	0.0	0.0	0.0	0.0	0.0	0.0	0.0	0.0	0.0	0.0	0.0	0.0	0.0	0.0	0.0	0.0	0.0	0.0	0.0	0.0	0.0	0.0	0.0	0.0	0.0	0.0	0.0
16j	0.3261284452532092	0.13417069814921734	0.2423327859393737	0.1908925480449168	0.02849407483023377	0.013093071767786608	0.0015090320003550667	0.0041276463539123886	0.007190093648750612	0.003417513647862945	0.0013758821179707963	0.004038879765656208	0.004970928942346101	0.008344059296080956	0.003328747059606765	0.003950113177400028	0.00031068305889663135	0.0009320491766898942	0.0009320491766898941	0.002086014824020239	0.0014646487062269765	0.00013314988238427057	0.0028849141183258627	0.0028849141183258627	0.001153965647330345	0.0027073809418135014	0.00017753317651236075	0.00039944964715281177	0.0006213661177932626	0.00022191647064045094	0.00035506635302472156	0.0014646487062269765	0.00022191647064045094	0.00013314988238427057	0.00013314988238427057	0.00022191647064045094	0.0	0.0	0.0	0.0005769828236651725	0.0	0.0006213661177932626	4.438329412809019e-05	0.0	0.0	0.00013314988238427057	0.00013314988238427057	0.00017753317651236075	0.0	0.0	4.438329412809019e-05	0.00039944964715281177	0.0	0.0	0.0	0.0	0.0	0.0	0.0	0.00031068305889663135	0.0	0.0	0.0	0.0	0.0	4.438329412809019e-05	0.00013314988238427057	0.0	0.00013314988238427057	0.0	0.0	0.00013314988238427057	0.0	0.0	0.0	0.0	4.438329412809019e-05	0.0	0.0	0.0	0.00013314988238427057	0.0	0.0	4.438329412809019e-05	0.0	0.0	0.0	0.0	0.0	0.0	0.0	0.0	0.0	0.0	0.0	0.0	0.0	0.0	0.0	0.0	0.0	0.0	0.0	0.0	0.0	0.0	0.0	4.438329412809019e-05	0.0	0.0	0.0	0.0	0.0	0.0	0.0	0.0	0.0	0.0	0.0	0.0	0.0	0.0	0.0	0.0	0.0	0.0	0.0	4.438329412809019e-05	0.0	0.0	0.0	0.0	0.0	0.0	0.0	0.0	0.0	0.0	0.0	0.0	0.0	0.0	0.0	0.0	0.0	0.0	0.0	0.0	0.0	0.0	0.0	0.0	0.0	0.0	0.0	0.0
17j	0.3058022138426082	0.1828650204760111	0.2797713173579931	0.12163970319912502	0.028990795929124537	0.01593480111908529	0.001013664193326035	0.003689737663706766	0.0053521469407614725	0.005717066050358845	0.0017029558447877384	0.005960345456757095	0.004622308721566723	0.007825487572476997	0.0027571666058468143	0.003487004825041559	0.00040546567733041396	0.001581316141588614	0.0017840489802538211	0.0009731176255929933	0.0015813161415886142	0.0	0.0030815391477111457	0.002432794063982484	0.0011758504642582004	0.0038519239346389324	8.10931354660828e-05	0.0005271053805295382	0.00044601224506345545	0.0004460122450634554	0.00024327940639824841	0.001135303896525159	4.05465677330414e-05	0.000202732838665207	0.0001621862709321656	4.05465677330414e-05	0.0	0.0	0.0	0.00044601224506345534	0.0	0.0002432794063982484	8.10931354660828e-05	0.0	0.0	0.0	8.10931354660828e-05	0.0	0.0	0.0	4.05465677330414e-05	0.0005676519482625795	0.0	0.0	0.0	0.0	0.0	0.0	0.0	0.0	0.0	0.0	0.0	0.0	0.0	4.05465677330414e-05	0.00032437254186433115	0.0	8.10931354660828e-05	0.0	0.0	4.05465677330414e-05	0.00040546567733041396	0.0	0.0	8.10931354660828e-05	0.0	0.0	0.0	0.0	8.10931354660828e-05	0.0	0.0	0.0	0.0	0.0	0.0	0.0	0.0	0.0	4.05465677330414e-05	0.0	4.05465677330414e-05	0.0	0.0	0.0	0.0	0.0	0.0	4.05465677330414e-05	0.0	0.0	0.0	0.0	0.0	0.0	0.0	0.0	0.0	0.0	0.0	0.0	0.0	0.0	0.0	0.0	4.05465677330414e-05	0.0	0.0	0.0	0.0	0.0	0.0	0.0	0.0	0.0	0.0	0.0	0.0	0.0	0.0	0.0	0.0	0.0	0.0	0.0	0.0	0.0	0.0	0.0	0.0	0.0	0.0	0.0	0.0	0.0	0.0	0.0	0.0	0.0	0.0	0.0	0.0	0.0	0.0	0.0
18j	0.40176074964105624	0.1730144336129402	0.20675583767853373	0.0756064384493322	0.02803597067936214	0.027884833371117634	0.0014358044283231312	0.002153706642484697	0.012090984659563252	0.0033250207813798833	0.003287236454318748	0.006158845310965011	0.014055769666742258	0.006914531852187712	0.004156275976724854	0.007254590795737927	0.00011335298118340512	0.002342628277790372	0.0014735887553842665	0.0008690395224061058	0.0018136476989344817	0.0	0.0036650797249300985	0.0004534119247336205	0.002947177510768533	0.003740648379052369	0.00015113730824454016	0.0001889216353056752	0.0003778432706113504	0.0004911962517947556	0.0006801178871004307	0.0013980201012619964	0.00011335298118340512	0.0005289805788558905	0.0003022746164890803	0.0001889216353056752	0.0	0.0002644902894279453	0.0	0.0007179022141615657	0.0	0.00011335298118340512	0.00022670596236681022	0.0	0.00011335298118340512	0.0004156275976724854	3.778432706113504e-05	0.00041562759767248546	0.0	0.0	0.00011335298118340512	0.0001889216353056752	0.0	0.0	0.0	0.0	0.0	0.0	0.0	0.0	0.0	7.556865412227008e-05	0.0	0.0	0.0	0.0	0.0006045492329781607	0.0	0.0001889216353056752	0.0	0.0	0.00034005894355021535	7.556865412227008e-05	0.0	0.0	3.778432706113504e-05	0.0	0.0	0.0	0.0	0.0001889216353056752	0.0	0.0	0.0	0.0	0.0	0.0	0.0	0.0	0.0	0.00011335298118340512	0.0	0.0	0.0	0.0	0.0	0.0	0.0	0.0	0.0	0.0	0.0	0.0	0.0	0.0	0.0	0.0	0.0	0.0	0.0	0.0	0.0	0.0	0.0	0.0	3.778432706113504e-05	0.0	0.0	0.0	0.0	0.0	0.0	0.0	0.0	0.0	0.0	0.0	0.0	0.0	0.0	0.0	0.0	0.0	0.0	0.0	0.0	0.0	0.0	0.0	0.0	0.0	0.0	0.0	0.0	0.0	0.0	0.0	0.0	0.0	0.0	0.0	0.0	0.0	0.0	0.0	0.0
19j	0.5176715176715172	0.13305613305613306	0.0893970893970894	0.10187110187110188	0.033264033264033266	0.006237006237006237	0.002079002079002079	0.04365904365904366	0.008316008316008316	0.0	0.004158004158004158	0.0	0.012474012474012475	0.008316008316008316	0.004158004158004158	0.010395010395010396	0.0	0.004158004158004158	0.002079002079002079	0.002079002079002079	0.0	0.0	0.002079002079002079	0.0	0.002079002079002079	0.0	0.0	0.006237006237006237	0.0	0.0	0.002079002079002079	0.0	0.0	0.004158004158004158	0.0	0.0	0.0	0.0	0.0	0.0	0.0	0.0	0.0	0.0	0.0	0.0	0.0	0.0	0.0	0.0	0.0	0.0	0.0	0.0	0.0	0.0	0.0	0.0	0.0	0.0	0.0	0.0	0.0	0.0	0.0	0.0	0.0	0.0	0.0	0.0	0.0	0.0	0.0	0.0	0.0	0.0	0.0	0.0	0.0	0.0	0.0	0.0	0.0	0.0	0.0	0.0	0.0	0.0	0.0	0.0	0.0	0.0	0.0	0.0	0.0	0.0	0.0	0.0	0.0	0.0	0.0	0.0	0.0	0.0	0.0	0.0	0.0	0.0	0.0	0.0	0.0	0.0	0.0	0.0	0.0	0.0	0.0	0.0	0.0	0.0	0.0	0.0	0.0	0.0	0.0	0.0	0.0	0.0	0.0	0.0	0.0	0.0	0.0	0.0	0.0	0.0	0.0	0.0	0.0	0.0	0.0	0.0	0.0	0.0	0.0	0.0	0.0	0.0	0.0	0.0	0.0	0.0	0.0	0.0	0.0	0.0
1j	0.15003960191466223	0.3479114294569559	0.2849271669134741	0.07930713867557496	0.006026378318812628	0.0040290643617204415	0.010227624918213472	0.007438272667791579	0.012707049140810694	0.0096766417576363	0.009194531492131286	0.013361341643996053	0.003099280278246494	0.00385688212404008	0.013016977168635323	0.0029959709356382784	0.0007576018457935882	0.007197217535039078	0.00206618685216433	0.001170839216226454	0.003615826991287576	0.0036502634388236497	0.0027549158028857728	0.0005165467130410826	0.0011019663211543095	3.443644753607218e-05	0.0026516064602775556	0.00044767381796893824	0.0008609111884018046	0.0	0.0009986569785460934	0.00024105513275250525	0.0013085850063707426	0.0005854196081132271	0.0001721822376803609	0.0005509831605771548	0.0012052756637625259	0.0	0.0007920382933296602	0.0002066186852164331	0.00048211026550501045	0.00010330934260821653	0.00024105513275250528	0.0003099280278246496	0.0007231653982575157	0.00044767381796893835	3.443644753607218e-05	3.443644753607218e-05	0.0003788009228967939	0.0004821102655050104	0.0007231653982575158	0.00013774579014428872	0.0001721822376803609	0.00024105513275250525	0.0002066186852164331	0.00027549158028857744	0.0006542925031853714	0.0	0.00024105513275250525	0.0002066186852164331	0.0005165467130410827	0.0	3.443644753607218e-05	6.887289507214436e-05	0.00027549158028857744	0.00010330934260821653	0.0	3.443644753607218e-05	0.0	3.443644753607218e-05	0.00037880092289679397	0.0	0.0	0.00010330934260821653	0.0002066186852164331	0.0	3.443644753607218e-05	3.443644753607218e-05	0.0	0.0	0.0	0.0	3.443644753607218e-05	6.887289507214436e-05	0.00010330934260821653	3.443644753607218e-05	6.887289507214436e-05	0.0001721822376803609	0.0	3.443644753607218e-05	0.0	3.443644753607218e-05	0.0	0.0	3.443644753607218e-05	0.0	0.00013774579014428872	0.00010330934260821653	6.887289507214436e-05	3.443644753607218e-05	0.0	0.0	0.0	0.0	0.0	0.0	0.0	0.0	6.887289507214436e-05	3.443644753607218e-05	6.887289507214436e-05	3.443644753607218e-05	0.00013774579014428872	0.0	0.0	3.443644753607218e-05	0.0	0.0	0.0	0.0	3.443644753607218e-05	0.0	0.0	0.0	0.0	0.0	0.0	0.0	0.0	0.0	3.443644753607218e-05	0.0	0.0	0.0	0.0	0.0	0.0	0.0	0.0	0.0	0.0	0.0	0.0	0.0	0.0	0.0	0.0	0.0	0.0	0.0	0.0	0.0	0.0	0.0	0.0	0.0
20j	0.30560585210400365	0.1754906931266742	0.2660969073658281	0.16230897370898761	0.01984500615629748	0.00999493010791626	0.0011226189613963932	0.00416455421163179	0.005685521836749481	0.0033316433693054257	0.001122618961396393	0.004381835300934311	0.00423698124139929	0.007604838125588471	0.004236981241399292	0.0043094082711668015	0.00028970811907003694	0.001376113565582676	0.000579416238140074	0.0009415513869776201	0.0007604838125588471	3.621351488375462e-05	0.004345621786050557	0.0016658216846527124	0.0014123270804664299	0.0031143622800028975	3.621351488375462e-05	0.0009777649018613752	0.0003621351488375462	0.00021728108930252772	0.00010864054465126386	0.0012312595060476569	0.0	0.000579416238140074	0.00021728108930252772	0.00014485405953501847	0.0	0.00010864054465126386	0.0	0.00010864054465126386	0.0	7.242702976750923e-05	0.0	0.0	0.0	0.0	0.0	0.0002534946041862823	0.0	0.0	0.0	0.00010864054465126386	0.0	0.0	0.0	7.242702976750923e-05	0.0	0.0	0.0	7.242702976750923e-05	0.0	0.0	0.0	0.0	0.0	7.242702976750923e-05	0.0006156297530238285	0.0	7.242702976750923e-05	0.0	0.0	0.00014485405953501847	0.00014485405953501847	0.0	0.0	0.0	0.0	0.0	0.0	0.0	7.242702976750923e-05	3.621351488375462e-05	0.0	3.621351488375462e-05	0.0	0.0	0.0	0.0	0.0	0.0	0.0	0.0	0.0	0.0	0.0	3.621351488375462e-05	0.0	0.0	0.0	0.0	0.0	0.0	0.0	0.0	0.0	0.0	0.0	0.0	0.0	0.0	0.0	0.0	0.0	0.0	0.0	0.0	0.0	0.0	0.0	0.0	0.0	0.0	0.0	0.0	0.0	3.621351488375462e-05	0.0	0.0	0.0	0.0	0.0	0.0	0.0	0.0	0.0	0.0	0.0	0.0	0.0	0.0	0.0	0.0	0.0	0.0	0.0	0.0	0.0	0.0	0.0	0.0	0.0	0.0	0.0	0.0	0.0	0.0
21j	0.38461538461538464	0.07692307692307693	0.07692307692307693	0.0	0.15384615384615385	0.07692307692307693	0.0	0.07692307692307693	0.0	0.07692307692307693	0.0	0.0	0.0	0.0	0.0	0.07692307692307693	0.0	0.0	0.0	0.0	0.0	0.0	0.0	0.0	0.0	0.0	0.0	0.0	0.0	0.0	0.0	0.0	0.0	0.0	0.0	0.0	0.0	0.0	0.0	0.0	0.0	0.0	0.0	0.0	0.0	0.0	0.0	0.0	0.0	0.0	0.0	0.0	0.0	0.0	0.0	0.0	0.0	0.0	0.0	0.0	0.0	0.0	0.0	0.0	0.0	0.0	0.0	0.0	0.0	0.0	0.0	0.0	0.0	0.0	0.0	0.0	0.0	0.0	0.0	0.0	0.0	0.0	0.0	0.0	0.0	0.0	0.0	0.0	0.0	0.0	0.0	0.0	0.0	0.0	0.0	0.0	0.0	0.0	0.0	0.0	0.0	0.0	0.0	0.0	0.0	0.0	0.0	0.0	0.0	0.0	0.0	0.0	0.0	0.0	0.0	0.0	0.0	0.0	0.0	0.0	0.0	0.0	0.0	0.0	0.0	0.0	0.0	0.0	0.0	0.0	0.0	0.0	0.0	0.0	0.0	0.0	0.0	0.0	0.0	0.0	0.0	0.0	0.0	0.0	0.0	0.0	0.0	0.0	0.0	0.0	0.0	0.0	0.0	0.0	0.0	0.0
22j	0.31471667346105153	0.277499340543379	0.06963861777895063	0.16704635380445843	0.05122179324236848	0.01892040958250387	0.0025658857101748173	0.003381213879763079	0.008201242176446613	0.011078871010287528	0.005395554063451718	0.00040766408479412964	0.006498645116424069	0.016642286755713224	0.002877628833840917	0.0026618066713028476	0.01407640104553848	0.002733747392148872	2.3980240282007626e-05	0.0014148341766384504	0.0026618066713028476	7.194072084602288e-05	7.194072084602288e-05	0.002493944989328794	0.0026857869115848544	0.002206182105944702	4.796048056401525e-05	0.00047960480564015237	0.0020862809045346636	0.0012949329752284119	0.0020143401836886414	0.0013189132155104195	0.00014388144169204576	0.00031174312366609913	0.0012229922543823893	2.3980240282007626e-05	0.0	0.0003597036042301144	0.0	0.0004076640847941296	0.0	0.0007433874487422366	0.0006474664876142059	0.0	0.0	0.00014388144169204576	7.194072084602288e-05	0.0006954269681782214	0.0	0.0	0.0	0.00011990120141003813	0.0	0.0	0.0	0.0	0.0	0.000191841922256061	0.0	0.0	0.0	9.59209611280305e-05	0.0	0.0	0.0	4.796048056401525e-05	0.0	0.0	4.796048056401525e-05	0.0	0.0	4.796048056401525e-05	0.0	0.0	0.0	0.0	2.3980240282007626e-05	0.0	0.0	0.0	0.0	0.0	0.0	0.0	0.0	0.0	0.0	0.0	0.0	0.0	0.0	0.0	7.194072084602288e-05	0.0	0.0	0.0	0.0	0.0	0.0	0.0	0.0	0.0	0.0	0.0	0.0	0.0	0.0	0.0	0.0	0.0	4.796048056401525e-05	0.0	0.0	0.0	0.0	7.194072084602288e-05	0.0	0.0	0.0	0.0	0.0	0.0	0.0	0.0	0.0	0.0	0.0	2.3980240282007626e-05	0.0	0.0	0.0	0.0	0.0	0.0	0.0	0.0	0.0	0.0	0.0	0.0	0.0	0.0	0.0	0.0	0.0	0.0	0.0	0.0	0.0	0.0	0.0	0.0	0.0	0.0	0.0	0.0
23j	0.3476508903941073	0.158653360100528	0.16600470832912853	0.07331128410288827	0.06039948583890639	0.059041869466630655	0.0024985918340819455	0.003668452750617416	0.012117448258929193	0.015034879186585576	0.012651829171420718	0.0011698609165354782	0.01120755643495717	0.016175854648391854	0.0045061309377662844	0.0035529109317003417	0.01114978552549863	0.005343809124915141	0.0004477245483037015	0.001516486373286731	0.0035962391137942472	0.00044772454830370163	0.0004477245483037016	0.0008954490966074035	0.0032496136570429944	0.0023108363783416854	0.0005921518219500572	0.0003321827293866173	0.003061858201302732	0.0034806972948771644	0.0018053409205794411	0.0015309291006513662	0.00041883909357443055	0.00044772454830370136	0.001747570011120899	8.665636418781324e-05	0.0001155418189170843	0.003018530019208827	0.00014442727364635536	0.00040439636620979503	0.0003610681841158885	0.00037551091148052394	0.0006210372766793283	0.0001155418189170843	0.0001444272736463554	0.00047661000303297267	0.0005921518219500571	0.0008954490966074036	4.332818209390661e-05	8.665636418781324e-05	0.00015887000101099096	8.665636418781324e-05	2.8885454729271075e-05	4.332818209390661e-05	2.8885454729271075e-05	0.0	2.8885454729271075e-05	0.0002599690925634397	0.0	1.4442727364635538e-05	1.4442727364635538e-05	0.0002310836378341686	8.665636418781323e-05	2.8885454729271075e-05	2.8885454729271075e-05	0.00011554181891708433	0.0	2.8885454729271075e-05	0.00023108363783416866	1.4442727364635538e-05	2.8885454729271075e-05	0.0001155418189170843	0.0	1.4442727364635538e-05	0.0	0.0	1.4442727364635538e-05	0.0	0.0	2.8885454729271075e-05	1.4442727364635538e-05	1.4442727364635538e-05	0.0	1.4442727364635538e-05	0.0	0.0	0.0	0.0	0.0001444272736463554	0.0	4.332818209390661e-05	0.0	0.0	1.4442727364635538e-05	1.4442727364635538e-05	0.0	0.0	0.0	0.0	1.4442727364635538e-05	2.8885454729271075e-05	1.4442727364635538e-05	0.0	2.8885454729271075e-05	0.0	0.0	0.0	0.0	0.0	0.0	0.0	0.0	0.0	1.4442727364635538e-05	2.8885454729271075e-05	1.4442727364635538e-05	0.0	0.0	0.0	1.4442727364635538e-05	0.0	0.0	0.0	0.0	0.0	0.0	0.0	0.0	0.0	0.0	0.0	0.0	0.0	0.0	0.0	0.0	0.0	0.0	0.0	0.0	0.0	0.0	0.0	0.0	0.0	0.0	0.0	0.0	0.0	0.0	0.0	0.0	0.0	0.0	0.0	0.0
24j	0.328207606162248	0.20314365300438011	0.09052924791086488	0.12023193678585772	0.07046216815417054	0.0240748109828889	0.015775112273321554	0.004462509237678361	0.01040304701267692	0.012705360695810344	0.008782900346768225	0.001875959297367972	0.0067932465465294885	0.016912057302029423	0.004291967483372181	0.00429196748337218	0.03112387016087768	0.0032971405832527972	0.0009948269001193797	0.0034392587118412805	0.0030697515775112254	0.0004832016372008413	0.0007674378943778069	0.003155022454664316	0.00312659882894662	0.003012904326075834	0.0012790631572963443	0.0005116252629185378	0.007930191575237345	0.0016201466659087032	0.0018759592973679722	0.001392757660167131	0.00045477801148314476	0.0005116252629185379	0.0025581263145926887	8.527087715308965e-05	0.00019896538002387582	0.0006253197657893241	8.527087715308965e-05	0.0007958615200955035	0.00031265988289466207	0.0007958615200955035	0.0005116252629185379	0.00019896538002387582	0.00014211812858848274	0.00014211812858848274	0.00019896538002387584	5.68472514353931e-05	0.00019896538002387584	0.0001136945028707862	5.68472514353931e-05	0.00014211812858848274	0.0	0.0	0.0	8.527087715308965e-05	0.0	0.0004832016372008413	5.68472514353931e-05	0.0	2.842362571769655e-05	8.527087715308965e-05	2.842362571769655e-05	2.842362571769655e-05	0.0	0.00014211812858848274	0.0	0.00014211812858848274	0.0	0.0	0.0	0.0	0.0	0.0	0.0	2.842362571769655e-05	5.68472514353931e-05	5.68472514353931e-05	2.842362571769655e-05	0.0	0.0	8.527087715308965e-05	0.0	5.68472514353931e-05	2.842362571769655e-05	0.0	5.68472514353931e-05	5.68472514353931e-05	0.0	0.0	0.0	0.0	2.842362571769655e-05	5.68472514353931e-05	2.842362571769655e-05	0.0	8.527087715308965e-05	0.0	0.0	0.0	0.0	0.0	2.842362571769655e-05	0.0	0.0	0.0	0.0	0.0	0.0	0.0	0.0	0.0	0.0	0.0	0.0	0.0	2.842362571769655e-05	0.0	0.0	0.0	0.0	0.0	0.0	0.0	0.0	0.0	0.0	0.0	0.0	0.0	0.0	0.0	0.0	0.0	0.0	0.0	0.0	0.0	0.0	0.0	0.0	0.0	0.0	0.0	0.0	0.0	0.0	0.0	0.0	0.0	0.0	0.0	0.0	0.0	0.0	0.0
25j	0.31966261922955863	0.13882992273074216	0.08576038040248023	0.24658232147405298	0.06201352919532352	0.027596162010698838	0.001160453992244771	0.005038068551696821	0.011519628654722495	0.012736690158784083	0.006707990150292947	0.0007075938977102261	0.006170218788033175	0.020407008009962934	0.0029718943703829505	0.0033115394412838593	0.015255724434632481	0.0025756417876652256	8.491126772522713e-05	0.0018114403781381804	0.0030001981262913597	5.660751181681809e-05	0.0001415187795420452	0.0022076929608559064	0.0017831366222297704	0.005321106110780902	0.0002547338031756814	0.00036794882680931746	0.0015567065749624986	0.0016982253545045427	0.0020944779372222707	0.0018680478899549978	0.00011321502363363618	0.0007642014095270441	0.0021793892049474972	2.8303755908409045e-05	0.0	0.00118875774815318	0.0	0.00048116385044295374	0.0	0.0008208089213438622	0.0002547338031756814	0.0	0.0	8.491126772522713e-05	0.000622682629984999	0.000707593897710226	0.0	2.8303755908409045e-05	0.0	0.0	0.0	0.0	0.0	0.0	5.660751181681809e-05	0.0005660751181681808	0.0	0.0	0.0	0.00011321502363363618	0.0	0.0	0.0	0.0003396450709009085	0.0	0.0	0.0002547338031756814	0.0	0.0	2.8303755908409045e-05	0.0	0.0	0.0	0.0	0.0	0.0	0.0	0.0	0.0	2.8303755908409045e-05	0.0	0.0	0.0	0.0	0.0	0.0	8.491126772522713e-05	0.0	0.0	0.0	0.0	0.0	0.0	0.0	0.0	0.0	0.0	0.0	0.0	0.0	0.0	0.0	0.0	0.0	0.0	0.0	0.0	0.0	0.0	0.0	0.0	0.0	0.0	0.0	0.0	0.0	0.0	0.0	0.0	0.0	0.0	0.0	0.0	0.0	0.0	0.0	0.0	0.0	0.0	0.0	0.0	0.0	0.0	0.0	0.0	0.0	0.0	0.0	0.0	0.0	0.0	0.0	0.0	0.0	0.0	0.0	0.0	0.0	0.0	0.0	0.0	0.0	0.0	0.0
26j	0.3098234555112436	0.2530030195499423	0.07359326442000291	0.1448722752419002	0.06867823058781959	0.018888717462696387	0.005642370677304876	0.0041436159661457726	0.01060148553040486	0.014348372308302632	0.006656234158383097	0.0007934583764959997	0.004981155363558214	0.01778669193978528	0.004364021070727992	0.00454034515439377	0.02085032289347818	0.00308567146415111	0.0003746886777897776	0.0025126181922373323	0.0026228207445284433	0.000308567146415111	0.00046285071962266647	0.002402415639946221	0.002799144828194221	0.0022481320667386657	0.0004848912300808887	0.000727336845121333	0.0029534284014017765	0.0014105926693262216	0.00268894227590311	0.0020056864516982214	0.00026448612549866655	0.00044081020916444426	0.0019395649203235547	8.816204183288885e-05	0.0	0.0009697824601617774	2.2040510458222213e-05	0.0005730532719137775	6.612153137466664e-05	0.001035903991536444	0.00041876969870622205	0.000308567146415111	6.612153137466664e-05	0.0001542835732075555	0.00041876969870622205	0.0004848912300808887	0.0	4.4081020916444426e-05	8.816204183288885e-05	4.4081020916444426e-05	0.0	0.0	0.0	0.0	0.0	0.0005730532719137775	4.4081020916444426e-05	2.2040510458222213e-05	6.612153137466664e-05	0.00022040510458222213	0.00013224306274933328	2.2040510458222213e-05	6.612153137466664e-05	0.0001763240836657777	0.0	0.0001542835732075555	8.816204183288885e-05	0.0	2.2040510458222213e-05	6.612153137466664e-05	0.0	0.0	0.0	2.2040510458222213e-05	0.0	0.0	0.0	0.0	0.0	4.4081020916444426e-05	0.0	0.0	0.0	0.0	2.2040510458222213e-05	0.0	4.4081020916444426e-05	0.0	0.0	0.0	0.0	4.4081020916444426e-05	0.0	0.0	0.0	0.0	0.0	0.0	0.0	0.0	0.0	0.0	0.0	0.0	2.2040510458222213e-05	0.0	0.0	0.0	0.0	0.0	0.0	0.0	0.0	0.0	0.0	0.0	0.0	0.0	0.0	0.0	0.0	0.0	0.0	0.0	0.0	0.0	0.0	2.2040510458222213e-05	0.0	0.0	0.0	0.0	0.0	0.0	0.0	0.0	0.0	0.0	0.0	0.0	0.0	0.0	0.0	0.0	2.2040510458222213e-05	0.0	0.0	0.0	0.0	0.0	0.0	2.2040510458222213e-05	0.0	0.0
27j	0.29408087005833283	0.33556276080669756	0.09417392442240773	0.11921136426421527	0.03941724704479661	0.014830539279119545	0.002777091178737075	0.003489538653910451	0.009247277432862775	0.011268301903252571	0.004507320761301013	0.0005961295200430376	0.005525102868691563	0.019236081829681315	0.003140584788519415	0.002718932201171901	0.00953807232068864	0.0020355642147811045	4.36192331738808e-05	0.002326359102606974	0.0017593090713465254	2.9079488782587203e-05	0.00029079488782587205	0.0029079488782587175	0.003547697631475637	0.0038675720080840956	0.00011631795513034883	0.0010759410849557251	0.0008287654303037349	0.0013521962283903049	0.0017593090713465258	0.0022682001250417996	0.00015993718830422963	0.0004071128429562209	0.0009887026186079645	5.8158977565174406e-05	5.8158977565174406e-05	0.0009741628742166713	2.9079488782587203e-05	0.0005961295200430373	0.0	0.0011050205737383142	0.00011631795513034883	0.0	2.9079488782587203e-05	4.36192331738808e-05	0.0003489538653910464	0.0005670500312604502	1.4539744391293602e-05	2.9079488782587203e-05	4.36192331738808e-05	2.9079488782587203e-05	0.0	2.9079488782587203e-05	0.0	0.0	0.0	0.00029079488782587205	0.0	0.0	0.0	0.00013085769952164242	0.0	2.9079488782587203e-05	0.0	0.00015993718830422963	0.0	0.0	7.269872195646801e-05	0.0	1.4539744391293602e-05	0.0	0.0	0.0	0.0	0.0	1.4539744391293602e-05	0.0	0.0	0.0	0.0	1.4539744391293602e-05	0.0	0.0	0.0	0.0	1.4539744391293602e-05	1.4539744391293602e-05	1.4539744391293602e-05	0.0	0.0	0.0	0.0	1.4539744391293602e-05	0.0	0.0	0.0	0.0	0.0	0.0	0.0	0.0	0.0	0.0	0.0	0.0	0.0	0.0	0.0	0.0	1.4539744391293602e-05	1.4539744391293602e-05	0.0	0.0	0.0	0.0	0.0	1.4539744391293602e-05	0.0	0.0	0.0	0.0	0.0	0.0	1.4539744391293602e-05	0.0	0.0	0.0	0.0	0.0	0.0	0.0	0.0	0.0	0.0	0.0	0.0	0.0	0.0	0.0	0.0	0.0	0.0	0.0	0.0	0.0	0.0	0.0	0.0	0.0	0.0	0.0	0.0	0.0	0.0	0.0
28j	0.3321668828621901	0.20925216446952363	0.07141995233641797	0.10235602883947958	0.08087725119912868	0.04549156837310355	0.0003921686928715799	0.003831186461130062	0.01547557995716305	0.01675766991462795	0.014570575281305573	0.0006636700956288275	0.009457298862710751	0.01992518628012921	0.008129958671453125	0.006003197683188032	0.015792331593713203	0.005822196748016543	0.0001357507013786238	0.0037256025822800104	0.0019306766418293155	6.033364505716613e-05	0.00036200187034299676	0.0007692539744788683	0.006802618480195485	0.002428429213550938	1.5083411264291532e-05	0.0005279193942502036	0.0032881836556155554	0.004042354218830131	0.0023530121572294792	0.0017798425291863996	0.0004826691604573291	0.0005128359829859122	0.0026999306163081856	0.00018100093517149835	0.0	0.002006093698150774	0.0	0.0006485866843645359	0.0	0.0006184198618359529	0.000905004675857492	0.0	0.0	0.0005731696280430783	0.00039216869287157986	0.001282089957464779	0.0	1.5083411264291532e-05	0.00010558387885004072	0.00021116775770008142	0.0	0.0	0.0	0.0	0.0	0.0013122567799933617	0.0	0.0	0.0	0.0004977525717216205	0.0	0.0	0.0	0.0001357507013786238	0.0	0.0	0.00021116775770008142	0.0	0.0	0.0003016682252858306	0.0	0.0	0.0	4.5250233792874595e-05	0.0	0.0	0.0	0.0	0.0	3.0166822528583065e-05	0.0	0.0	0.0	0.0	0.0	0.0	0.00016591752390720683	0.0	0.0	0.0	3.0166822528583065e-05	0.0	0.0	0.0	0.0	0.0	0.0	0.0	3.0166822528583065e-05	0.0	0.0	0.0	0.0	0.0	0.0	0.0	0.0	0.0	0.0	0.0	0.0	0.0	0.0	0.0	0.0	0.0	0.0	0.0	0.0	0.0	0.0	0.0	0.0	0.0	0.0	0.0	0.0	0.0	0.0	0.0	0.0	0.0	0.0	0.0	0.0	0.0	0.0	0.0	0.0	0.0	0.0	0.0	0.0	0.0	0.0	0.0	0.0	0.0	0.0	0.0	0.0	0.0	0.0	0.0
29j	0.39655172413793094	0.12068965517241381	0.06896551724137931	0.05172413793103448	0.06896551724137931	0.0	0.0	0.08620689655172414	0.0	0.0	0.05172413793103448	0.0	0.05172413793103448	0.0	0.017241379310344827	0.0	0.0	0.0	0.0	0.017241379310344827	0.0	0.017241379310344827	0.0	0.017241379310344827	0.0	0.0	0.0	0.017241379310344827	0.0	0.017241379310344827	0.0	0.0	0.0	0.0	0.0	0.0	0.0	0.0	0.0	0.0	0.0	0.0	0.0	0.0	0.0	0.0	0.0	0.0	0.0	0.0	0.0	0.0	0.0	0.0	0.0	0.0	0.0	0.0	0.0	0.0	0.0	0.0	0.0	0.0	0.0	0.0	0.0	0.0	0.0	0.0	0.0	0.0	0.0	0.0	0.0	0.0	0.0	0.0	0.0	0.0	0.0	0.0	0.0	0.0	0.0	0.0	0.0	0.0	0.0	0.0	0.0	0.0	0.0	0.0	0.0	0.0	0.0	0.0	0.0	0.0	0.0	0.0	0.0	0.0	0.0	0.0	0.0	0.0	0.0	0.0	0.0	0.0	0.0	0.0	0.0	0.0	0.0	0.0	0.0	0.0	0.0	0.0	0.0	0.0	0.0	0.0	0.0	0.0	0.0	0.0	0.0	0.0	0.0	0.0	0.0	0.0	0.0	0.0	0.0	0.0	0.0	0.0	0.0	0.0	0.0	0.0	0.0	0.0	0.0	0.0	0.0	0.0	0.0	0.0	0.0	0.0
2j	0.10399422397565648	0.3807792475696823	0.26100409994584733	0.1297026894613331	0.0024754390036357994	0.002140223305226785	0.04110260178953573	0.009231324617725243	0.009128181325907054	0.0033521569840901455	0.004796163069544369	0.00809674840772545	0.002965369639772051	0.0012119336788633602	0.007142672958407479	0.0014955777313632964	0.0004383589902271731	0.0035326577447719215	0.0018307934297723105	0.0006962172197725687	0.004099945849771796	0.000928289626363425	0.0013408627936360587	0.000747788865681648	0.00030942987545447514	0.0	0.002810654702044813	0.001882365075681388	0.0013666486165905978	2.5785822954539595e-05	0.0007993605115907269	0.00023207240659085636	0.00038678734431809393	0.0006704313968180292	2.5785822954539595e-05	0.00038678734431809393	0.00033521569840901474	7.735746886361879e-05	0.00025785822954539595	0.00015471493772723757	0.00023207240659085636	2.5785822954539595e-05	0.00025785822954539595	0.0009282896263634252	0.00030942987545447514	0.00020628658363631676	0.00036100152136355433	2.5785822954539595e-05	0.0008251463345452666	0.0006962172197725687	5.157164590907919e-05	0.0	0.0004383589902271731	0.00018050076068177717	7.735746886361879e-05	5.157164590907919e-05	0.00010314329181815838	2.5785822954539595e-05	0.00018050076068177717	7.735746886361879e-05	0.00018050076068177717	0.0	0.0004125731672726335	0.00018050076068177717	5.157164590907919e-05	5.157164590907919e-05	0.0	0.00023207240659085636	2.5785822954539595e-05	7.735746886361879e-05	0.00020628658363631676	0.0	0.0	7.735746886361879e-05	7.735746886361879e-05	0.00010314329181815838	0.00010314329181815838	2.5785822954539595e-05	2.5785822954539595e-05	0.0	0.0	0.0	0.0	5.157164590907919e-05	0.00010314329181815838	0.0	0.0	0.00015471493772723757	2.5785822954539595e-05	0.0	0.0	0.0	2.5785822954539595e-05	7.735746886361879e-05	0.00010314329181815838	0.0	7.735746886361879e-05	0.0	7.735746886361879e-05	0.0	0.0	0.0	7.735746886361879e-05	0.0	5.157164590907919e-05	0.0	5.157164590907919e-05	2.5785822954539595e-05	0.0	2.5785822954539595e-05	2.5785822954539595e-05	0.0	0.0	5.157164590907919e-05	0.0	0.0	0.0	0.0	0.0	2.5785822954539595e-05	0.0	0.0	0.0	0.0	0.0	0.0	0.0	0.0	0.0	0.0	0.0	0.0	2.5785822954539595e-05	0.0	0.0	0.0	0.0	2.5785822954539595e-05	0.0	0.0	2.5785822954539595e-05	0.0	0.0	0.0	5.157164590907919e-05	0.0	0.0	0.0	0.0	0.0	0.0	0.0	0.0	0.0	0.0	0.0
30j	0.33318035328199097	0.24971443723737288	0.06325215191938999	0.09435809570431651	0.05667400970913458	0.04702606780075937	0.004650593562599419	0.004059070697181095	0.015828335984987483	0.014023171378452201	0.014930853016766553	0.002886223636437813	0.009790723289682987	0.012666748256027361	0.010463835515848697	0.0067923142822175825	0.00906661771305019	0.007149267735487256	0.0013564231224248368	0.0019377473177497665	0.001968343328030025	0.0020091380084037054	0.0011320523803695997	0.0009484763186880424	0.004721984253253366	0.0019071513074695068	0.001009668339248562	0.0004385428140170524	0.002651654224289155	0.003528739852323257	0.0027128462448496762	0.0011932444009301192	0.0006527148859788682	0.0007241055766328061	0.0019479459878431857	0.0003365561130828541	0.00045894015420389197	0.001346224452331416	0.0001631787214947171	0.0004895361644841513	0.0002651654224289153	0.0003263574429894342	0.0010606616897156612	0.0004691388242973118	0.0005609268551380899	0.0009892709990617222	0.0004181454738302126	0.0008464896177538444	0.0003059601028025946	0.0001019867009341982	0.0003773507934565333	0.0002753640925223351	7.139069065393872e-05	0.00013258271121445762	7.139069065393872e-05	0.00010198670093419817	0.00012238404112103782	0.0006629135560722876	0.0	0.00011218537102761802	6.119202056051891e-05	0.00047933749439073146	0.00012238404112103782	0.00013258271121445765	4.0794680373679274e-05	3.0596010280259455e-05	0.0	0.00013258271121445767	0.000224370742055236	7.139069065393872e-05	5.099335046709909e-05	0.00022437074205523605	2.0397340186839637e-05	0.0	0.0	1.0198670093419818e-05	0.0	0.0001019867009341982	0.0	0.0	1.0198670093419818e-05	2.0397340186839637e-05	0.0	3.0596010280259455e-05	3.0596010280259455e-05	0.0	6.119202056051891e-05	3.0596010280259455e-05	0.00019377473177497657	4.0794680373679274e-05	1.0198670093419818e-05	0.0	4.0794680373679274e-05	3.0596010280259455e-05	2.0397340186839637e-05	3.0596010280259455e-05	2.0397340186839637e-05	3.0596010280259455e-05	1.0198670093419818e-05	2.0397340186839637e-05	0.0	1.0198670093419818e-05	1.0198670093419818e-05	1.0198670093419818e-05	2.0397340186839637e-05	1.0198670093419818e-05	0.0	0.0	0.0	0.0	1.0198670093419818e-05	0.0	1.0198670093419818e-05	5.099335046709909e-05	0.0	3.0596010280259455e-05	1.0198670093419818e-05	1.0198670093419818e-05	0.0	0.0	0.0	0.0	0.0	0.0	0.0	0.0	0.0	0.0	0.0	0.0	0.0	0.0	0.0	1.0198670093419818e-05	0.0	0.0	0.0	1.0198670093419818e-05	0.0	1.0198670093419818e-05	0.0	0.0	0.0	0.0	0.0	0.0	1.0198670093419818e-05	2.0397340186839637e-05	0.0	0.0	0.0	0.0	0.0	0.0	0.0	0.0
3j	0.1893446075096521	0.28744290018468743	0.10124080733469193	0.08432954287750528	0.005880066089999015	0.007030161661321126	0.12498785110311725	0.012683448342890341	0.020928499692227834	0.008164058703469711	0.01619852917355099	0.025172514335698216	0.006916771957106278	0.006252632260990682	0.023212492305698555	0.005361713156445386	0.0008585220461982052	0.010529043962808134	0.004859558752065299	0.0042440146434703655	0.003725661709916741	0.006058249910908081	0.004179220526776163	0.0009071176337188584	0.001393073508925388	0.00011338970421485728	0.007078757248841779	0.0012958823338840813	0.002170602909255839	3.239705834710208e-05	0.001619852917355101	0.00029157352512391874	0.00217060290925584	0.0008747205753717563	0.00017818382090906146	0.0010691029254543682	0.0007127352836362458	0.0001619852917355104	0.0014902646839666954	0.00043736028768587813	0.0007289338128097969	0.00024297793760326563	0.0006803382252891437	0.0011662941004956739	0.0009719117504130625	0.0009881102795866136	0.0005345514627271843	8.09926458677552e-05	0.0013768749797518369	0.0009395146920659604	0.0006965367544626948	0.00017818382090906146	0.0003239705834710208	0.0004211617585123271	0.00021058087925616354	0.00029157352512391874	0.0009071176337188584	0.0	0.0006155441085949396	0.0003563676418181229	0.00021058087925616354	4.859558752065312e-05	0.00024297793760326563	0.0006479411669420416	0.0006641396961155927	9.719117504130625e-05	0.0	0.00017818382090906146	6.479411669420416e-05	0.00017818382090906146	0.00034016911264457187	3.239705834710208e-05	3.239705834710208e-05	0.0004211617585123271	0.00012958823338840832	0.0003239705834710208	0.0002753749959503677	0.00024297793760326563	1.619852917355104e-05	6.479411669420416e-05	0.0	8.09926458677552e-05	3.239705834710208e-05	0.0001619852917355104	0.00014578676256195937	4.859558752065312e-05	4.8595587520653125e-05	0.00012958823338840832	0.0	0.0001133897042148573	1.619852917355104e-05	0.0001619852917355104	0.0	0.0001133897042148573	4.859558752065312e-05	0.0	0.0001133897042148573	0.0	1.619852917355104e-05	4.859558752065312e-05	8.09926458677552e-05	8.09926458677552e-05	3.239705834710208e-05	0.00012958823338840832	6.479411669420416e-05	3.239705834710208e-05	1.619852917355104e-05	1.619852917355104e-05	4.859558752065312e-05	1.619852917355104e-05	3.239705834710208e-05	0.0	6.479411669420416e-05	3.239705834710208e-05	0.0	4.859558752065312e-05	3.239705834710208e-05	8.09926458677552e-05	6.479411669420416e-05	1.619852917355104e-05	3.239705834710208e-05	4.859558752065312e-05	0.0	0.0	0.0	3.239705834710208e-05	6.479411669420416e-05	0.0	0.0	0.0	0.0	0.0	0.0	1.619852917355104e-05	0.0	1.619852917355104e-05	3.239705834710208e-05	0.0	0.0	0.0	1.619852917355104e-05	0.0	0.0	0.0	0.0	0.0	0.0	0.0	0.0	0.0	3.239705834710208e-05	0.0	0.0	0.0	0.0	1.619852917355104e-05
4j	0.08964879852126065	0.6260370545500363	0.05781713450543743	0.07636590293599467	0.0028801100459957874	0.0027511498946825442	0.06379228818295143	0.01117654644714789	0.008597343420882942	0.0027511498946825455	0.004556592013067959	0.00904870395047931	0.0021708292137729438	0.0012251214374758193	0.008253449684047632	0.001590508532863344	0.0003653870953875253	0.0023642694407428116	0.002600696384817093	0.0007092808322228433	0.0015690151743111363	0.0029016034045479962	0.0018269354769376248	0.00023642694407428102	0.00040837381249194	2.1493358552207367e-05	0.003202510424278897	0.0019558956282508663	0.0012251214374758193	0.0	0.0005373339638051843	0.00019344022696986631	0.00113914800326699	0.0006233073980140138	8.597343420882947e-05	0.00025792030262648845	0.00034389373683531787	0.0	0.0003224003782831105	0.0001289601513132442	0.00019344022696986631	0.00017194686841765893	0.0002794136611786958	0.000752267549327258	0.0005373339638051843	0.00023642694407428107	0.0002579203026264884	0.0001289601513132442	0.0005588273223573917	0.0007737609078794655	0.0003009070197309032	0.00015045350986545155	0.00015045350986545155	0.0001289601513132442	0.00019344022696986631	0.0003009070197309031	0.00023642694407428107	0.0	0.00015045350986545158	0.00010746679276103683	0.00010746679276103683	4.2986717104414733e-05	0.00023642694407428107	0.0001289601513132442	0.00023642694407428105	0.00010746679276103683	0.0	0.00010746679276103683	0.0	0.00010746679276103683	0.0001289601513132442	4.2986717104414733e-05	0.0	0.0	2.1493358552207367e-05	0.00010746679276103683	0.00019344022696986631	6.44800756566221e-05	0.0	0.0	0.0	0.0	0.0	4.2986717104414733e-05	0.0	0.0	0.0	8.597343420882947e-05	6.44800756566221e-05	0.0	0.0	0.0	0.0	0.00010746679276103683	8.597343420882947e-05	2.1493358552207367e-05	2.1493358552207367e-05	4.2986717104414733e-05	6.44800756566221e-05	0.0	0.0	0.0	4.2986717104414733e-05	2.1493358552207367e-05	4.2986717104414733e-05	2.1493358552207367e-05	2.1493358552207367e-05	6.44800756566221e-05	0.0	2.1493358552207367e-05	0.0	0.0	2.1493358552207367e-05	0.0	0.0	0.0	0.0	2.1493358552207367e-05	4.2986717104414733e-05	2.1493358552207367e-05	0.0	4.2986717104414733e-05	0.0	0.0	2.1493358552207367e-05	0.0	0.0	0.0	0.0	2.1493358552207367e-05	0.0	4.2986717104414733e-05	0.0	0.0	0.0	0.0	0.0	0.0	0.0	0.0	0.0	0.0	0.0	0.0	0.0	0.0	0.0	0.0	4.2986717104414733e-05	0.0	0.0	0.0	0.0	0.0	2.1493358552207367e-05	0.0
5j	0.11891186565682853	0.5197855501659618	0.1516750347488206	0.07046208833290916	0.0028366380166226944	0.0029784699174538304	0.030125095736532995	0.010665758942501297	0.010694125322667536	0.007205060562221645	0.005928573454741427	0.0129634357359657	0.002694806115791561	0.0017019828099736195	0.00978640115734829	0.0019572802314696625	0.0005105948429920858	0.0049357501489234856	0.0024395086942955186	0.0009360905454854908	0.0030352026777862836	0.0028933707769551484	0.0029217371571213764	0.0003120301818284969	0.0008226250248205828	0.0	0.0026948061157915587	0.0015601509091424846	0.0013332198678126686	0.0	0.0007658922644881288	8.509914049868096e-05	0.0010211896859841716	0.0003971293223271779	8.509914049868096e-05	0.0003120301818284969	0.0005956939834907668	2.836638016622699e-05	0.0005673276033245398	8.509914049868096e-05	0.0004538620826596318	5.673276033245398e-05	0.0003971293223271779	0.0010211896859841716	0.0007091595041556748	0.0007658922644881288	0.0006807931239894478	0.0	0.0004254957024934049	0.0007091595041556748	0.0003120301818284969	0.0	0.0003120301818284969	0.00019856466116358892	0.00019856466116358892	5.673276033245398e-05	0.0005105948429920858	0.0	0.0002836638016622699	0.00034039656199472384	0.00011346552066490796	0.0	0.00042549570249340483	0.00034039656199472384	0.00019856466116358892	0.0	0.0	0.00019856466116358892	0.0	0.0002269310413298159	5.673276033245398e-05	0.0	8.509914049868096e-05	0.00017019828099736192	5.673276033245398e-05	8.509914049868096e-05	2.836638016622699e-05	0.00011346552066490796	2.836638016622699e-05	2.836638016622699e-05	0.0	2.836638016622699e-05	0.0	8.509914049868096e-05	5.673276033245398e-05	0.0	8.509914049868096e-05	5.673276033245398e-05	0.0	0.0	8.509914049868096e-05	2.836638016622699e-05	0.0	5.673276033245398e-05	0.0	2.836638016622699e-05	8.509914049868096e-05	2.836638016622699e-05	5.673276033245398e-05	8.509914049868096e-05	5.673276033245398e-05	0.00011346552066490796	5.673276033245398e-05	2.836638016622699e-05	8.509914049868096e-05	8.509914049868096e-05	0.0	8.509914049868096e-05	0.0	2.836638016622699e-05	2.836638016622699e-05	0.0	2.836638016622699e-05	2.836638016622699e-05	0.0	0.0	0.0	0.0	0.0	2.836638016622699e-05	0.0	5.673276033245398e-05	0.0	0.0	5.673276033245398e-05	0.0	0.0	2.836638016622699e-05	0.0	0.0	5.673276033245398e-05	0.0	0.0	0.0	0.0	0.0	0.0	5.673276033245398e-05	0.0	0.0	0.0	0.0	0.0	0.0	0.0	0.0	0.0	0.0	0.0	0.0	0.0	2.836638016622699e-05	0.0	0.0	0.0	0.0
6j	0.09780019385894596	0.6278072582102074	0.030080993609226576	0.06438416928157194	0.0027435969048284045	0.0027271681808473977	0.07744500484647553	0.006850777900080531	0.009462945013060805	0.004172895891176138	0.005010760814207574	0.011401534442819787	0.0033678884161067266	0.001856445809853947	0.011500106786705832	0.002398593701227228	0.000492861719430252	0.005717195945390942	0.001856445809853947	0.0010514383347845374	0.001445727710328738	0.003663605447764877	0.0014785851582907546	0.00034500320360117637	0.0004764329954492435	4.928617194302519e-05	0.008904368397706522	0.0012485830225566364	0.0008050074750694112	3.285744796201679e-05	0.0002957170316581511	0.0002300021357341175	0.0009035798189554612	0.0005750053393352938	0.00019714468777210073	0.0004107180995252101	0.0003942893755442015	3.285744796201679e-05	0.0008542936470124366	0.00014785851582907556	0.00042714682350621834	0.00016428723981008395	0.00031214575563915953	0.0010514383347845371	0.0005750053393352938	0.00019714468777210073	0.0004107180995252099	1.6428723981008396e-05	0.0007228638551643692	0.00047643299544924365	0.0003942893755442016	3.285744796201679e-05	0.00014785851582907556	0.0003778606515631931	3.285744796201679e-05	0.0001971446877721007	0.00042714682350621834	0.0	0.00036143192758218473	0.00019714468777210073	0.00016428723981008395	0.0	0.0002628595836961343	0.00014785851582907556	0.00013142979184806717	6.571489592403358e-05	0.0	0.0003450032036011764	3.285744796201679e-05	3.285744796201679e-05	0.00013142979184806714	0.0	0.0	8.214361990504197e-05	3.285744796201679e-05	0.0	0.00013142979184806717	0.00014785851582907556	0.0	1.6428723981008396e-05	0.0	1.6428723981008396e-05	6.571489592403358e-05	1.6428723981008396e-05	1.6428723981008396e-05	4.928617194302518e-05	8.214361990504197e-05	9.857234388605036e-05	0.0	4.928617194302519e-05	4.928617194302518e-05	1.6428723981008396e-05	1.6428723981008396e-05	0.0	4.928617194302519e-05	4.928617194302518e-05	6.571489592403358e-05	3.285744796201679e-05	4.928617194302519e-05	1.6428723981008396e-05	0.0	6.571489592403358e-05	0.0	6.571489592403358e-05	1.6428723981008396e-05	3.285744796201679e-05	0.0	0.0	0.0	0.0	1.6428723981008396e-05	0.0	3.285744796201679e-05	0.0	3.285744796201679e-05	1.6428723981008396e-05	0.0	0.0	0.0	0.0	3.285744796201679e-05	0.0	0.0	0.0	0.0	0.0	0.0	0.0	0.0	0.0	0.0	0.0	0.0	0.0	0.0	1.6428723981008396e-05	0.0	0.0	1.6428723981008396e-05	0.0	3.285744796201679e-05	0.0	0.0	0.0	0.0	0.0	1.6428723981008396e-05	0.0	0.0	0.0	0.0	0.0	0.0	0.0	0.0	0.0
7j	0.13696704669685725	0.5719584569732389	0.08421833515539617	0.04474465094486915	0.0030844916445416236	0.004060596595345935	0.05602842417616683	0.011088552241136983	0.01015149148836484	0.005427143526471969	0.009956270498203976	0.008004060596595353	0.0027330938622520708	0.002186475089801657	0.009253474933624871	0.0027721380602842433	0.0007808839606434484	0.004880524754021558	0.0045291269717320035	0.0011322817429330004	0.00480243635795721	0.002225519287833829	0.0020302982976729664	0.00023426518819303455	0.0007027955645791036	3.904419803217242e-05	0.0009370607527721378	0.0016398563173512424	0.0010932375449008277	3.904419803217242e-05	0.000663751366546931	0.0004294861783538966	0.0008589723567077931	0.0003123535842573794	0.00019522099016086212	0.000273309386225207	0.00039044198032172424	3.904419803217242e-05	0.0005466187724504139	0.00011713259409651726	0.0003904419803217242	3.904419803217242e-05	0.0004294861783538967	0.00011713259409651726	0.0008199281586756206	0.00015617679212868969	0.0003904419803217242	0.0	0.0010151491488364828	0.00019522099016086212	0.00039044198032172424	3.904419803217242e-05	0.00015617679212868969	0.0005075745744182414	0.00011713259409651726	0.0	0.0006247071685147587	0.0	0.00011713259409651726	7.808839606434484e-05	0.00019522099016086212	7.808839606434484e-05	0.00031235358425737937	0.00023426518819303455	0.00011713259409651726	0.00023426518819303455	0.0	7.808839606434484e-05	0.0	0.0	0.00011713259409651726	0.0	3.904419803217242e-05	0.00011713259409651726	0.00011713259409651726	3.904419803217242e-05	7.808839606434484e-05	0.000273309386225207	0.0	0.0	0.0	3.904419803217242e-05	0.0	0.0	0.0	0.0	7.808839606434484e-05	3.904419803217242e-05	0.0	0.00019522099016086212	0.0	0.0	0.0	0.0	0.0	0.00011713259409651726	0.0	7.808839606434484e-05	0.0	7.808839606434484e-05	0.0	0.0	0.00011713259409651726	0.0	3.904419803217242e-05	0.0	0.0	3.904419803217242e-05	0.0	0.0	3.904419803217242e-05	0.0	0.0	0.0	0.0	0.0	0.0	0.0	0.0	0.0	0.0	0.0	0.0	0.0	0.0	0.0	0.0	0.0	0.0	0.0	0.0	0.0	0.0	0.0	0.0	0.0	0.0	0.0	0.0	0.0	0.0	0.0	0.0	0.0	0.0	0.0	0.0	0.0	0.0	0.0	0.0	0.0	0.0	0.0	0.0	0.0
8j	0.31936416184971195	0.14884393063583828	0.11705202312138724	0.0982658959537572	0.004335260115606936	0.005780346820809248	0.05780346820809248	0.03323699421965317	0.028901734104046235	0.011560693641618497	0.030346820809248547	0.018786127167630055	0.0072254335260115606	0.002890173410404624	0.015895953757225433	0.008670520231213872	0.0	0.0072254335260115606	0.02312138728323699	0.0072254335260115606	0.008670520231213872	0.0072254335260115606	0.002890173410404624	0.001445086705202312	0.0	0.0	0.004335260115606936	0.002890173410404624	0.0	0.0	0.0	0.0	0.005780346820809248	0.0	0.0	0.005780346820809248	0.0	0.0	0.0	0.0	0.002890173410404624	0.0	0.0	0.0	0.0	0.0	0.0	0.001445086705202312	0.0	0.001445086705202312	0.0	0.0	0.002890173410404624	0.0	0.002890173410404624	0.001445086705202312	0.0	0.0	0.0	0.0	0.0	0.0	0.0	0.0	0.0	0.0	0.0	0.0	0.0	0.0	0.0	0.0	0.0	0.0	0.0	0.0	0.0	0.0	0.0	0.001445086705202312	0.0	0.0	0.0	0.0	0.0	0.0	0.0	0.0	0.0	0.0	0.0	0.0	0.0	0.0	0.0	0.0	0.0	0.0	0.0	0.0	0.0	0.0	0.0	0.0	0.0	0.0	0.0	0.0	0.0	0.0	0.0	0.0	0.0	0.0	0.0	0.0	0.0	0.0	0.0	0.0	0.0	0.0	0.0	0.0	0.0	0.0	0.0	0.0	0.0	0.0	0.0	0.0	0.0	0.0	0.0	0.0	0.0	0.0	0.0	0.0	0.0	0.0	0.0	0.0	0.0	0.0	0.0	0.0	0.0	0.0	0.0	0.0	0.0	0.0	0.0	0.0
9j	0.17967032967032942	0.5049450549450545	0.11043956043956028	0.051098901098901105	0.0038461538461538455	0.0032967032967032963	0.0412087912087912	0.01538461538461538	0.00934065934065934	0.007692307692307691	0.007692307692307691	0.007142857142857142	0.004395604395604395	0.002197802197802198	0.010439560439560437	0.002197802197802198	0.002197802197802198	0.007692307692307691	0.005494505494505494	0.0005494505494505495	0.0016483516483516484	0.002197802197802198	0.002197802197802198	0.0005494505494505495	0.0016483516483516484	0.0	0.0005494505494505495	0.0	0.001098901098901099	0.0	0.0016483516483516484	0.0	0.0	0.001098901098901099	0.0	0.0005494505494505495	0.0	0.0	0.003296703296703297	0.0	0.0	0.0	0.0	0.0	0.001098901098901099	0.0	0.0	0.0	0.0	0.0	0.0	0.0	0.0	0.001098901098901099	0.0	0.0	0.0	0.0	0.0016483516483516484	0.0	0.0	0.0	0.0	0.0	0.0	0.0	0.0	0.0	0.0	0.0	0.0	0.0	0.0	0.0005494505494505495	0.0	0.0	0.0	0.0	0.001098901098901099	0.0	0.0	0.0005494505494505495	0.0	0.0	0.0	0.0	0.0	0.0	0.0	0.0	0.0	0.0	0.0005494505494505495	0.0	0.0	0.0	0.0	0.0	0.0	0.0	0.0	0.0	0.0	0.0	0.0	0.0	0.0	0.0	0.0	0.0	0.0	0.0	0.0	0.0	0.0	0.0	0.0	0.0	0.0	0.0	0.0	0.0	0.0	0.0	0.0	0.0	0.0	0.0	0.0	0.0	0.0	0.0	0.0	0.0	0.0	0.0	0.0	0.0	0.0	0.0	0.0	0.0	0.0	0.0	0.0	0.0	0.0	0.0	0.0	0.0	0.0	0.0	0.0	0.0	0.0	0.0
C1	0.324430005609988	0.13826393482428517	0.22266413242791686	0.1144426488935097	0.06748666594100718	0.024072476995085	0.0014652812083964782	0.002160243152950233	0.005685291088578336	0.05589001180597998	0.0015825037050681975	0.0019844094079426605	0.0011052406829047728	0.0039018345320729095	0.0015992497760213002	0.0011889710376702862	0.0014987733503026848	0.003843223283737047	0.0004772630221634251	0.0029640545586991627	0.004563304334720464	3.3492141906205256e-05	0.00028468320620274475	0.0005107551640696301	0.0040860413125570405	0.002537029749395047	0.00014234160310137235	0.0005107551640696302	0.0013899238891075172	0.0006112315897882459	0.002068139762708173	0.0019844094079426613	4.186517738275657e-05	0.00021769892239033425	0.00013396856762482105	3.3492141906205256e-05	0.0	0.00026793713524964205	8.373035476551314e-06	0.00018420678048412898	0.0	0.0004688899866868736	6.698428381241051e-05	0.0	1.6746070953102628e-05	2.5119106429653943e-05	3.3492141906205256e-05	0.00023444499334343682	0.0	5.023821285930789e-05	2.5119106429653943e-05	0.0005693664124054892	0.0	0.0	0.0	0.0	0.0	0.0005275012350227326	0.0	5.86112483358592e-05	0.0	0.0006363506962178998	2.5119106429653943e-05	0.0	0.0	0.0003767865964448092	5.023821285930789e-05	0.0	0.0	2.5119106429653943e-05	0.0	0.0	7.535731928896182e-05	0.0	0.0	0.0	0.0	0.0	0.0	0.0	0.0	1.6746070953102628e-05	0.0	0.0	0.0	0.0	0.0	0.0	1.6746070953102628e-05	1.6746070953102628e-05	0.00011722249667171838	0.0	8.373035476551314e-06	0.0	0.0	8.373035476551314e-06	0.0	0.0	0.0	0.0	0.0	0.0	0.0	2.5119106429653943e-05	0.0	0.0	5.023821285930788e-05	0.0	0.0	8.373035476551314e-06	0.0	2.5119106429653943e-05	0.0	0.0	0.0	5.023821285930788e-05	8.373035476551314e-06	0.0	0.0	0.0	0.0	0.0	0.0	0.0	0.0	1.6746070953102628e-05	0.0	8.373035476551314e-06	0.0	0.0	0.0	0.0	0.0	0.0	0.0	0.0	0.0	0.0	0.0	0.0	0.0	0.0	1.6746070953102628e-05	0.0	0.0	0.0	0.0	0.0	0.0	0.0	0.0	0.0	2.5119106429653943e-05	0.0	0.0	0.0
S1	0.33513010759508194	0.13545564081425865	0.2047265732344097	0.17923351723846784	0.012492865749254888	0.03684444162597513	0.0005496015388843089	0.004058595979453369	0.005496015388843081	0.014564440780434213	0.0006764326632422263	0.03515335996786952	0.005136660536495653	0.0023252372798951543	0.002600038049337309	0.0005073244974316697	0.0005707400596106284	0.0004227704145263914	0.004354535269621828	0.001162618639947577	0.0009300949119580611	0.0	0.004291119707442871	0.0015219734922950097	0.0005073244974316697	0.0010357875155896591	0.00031707781089479356	0.00031707781089479356	0.00025366224871583486	0.0021772676348109166	0.00012683112435791743	0.0006975711839685458	0.0	0.0013105882850318147	0.0014162808886634118	0.0004861859767053501	0.0	0.00012683112435791746	0.0	8.45540829052783e-05	2.1138520726319574e-05	0.00010569260363159786	0.0	0.0	0.0	6.341556217895873e-05	0.0	2.1138520726319574e-05	0.0	8.45540829052783e-05	0.0	0.0005496015388843089	2.1138520726319574e-05	0.0	0.0	6.341556217895871e-05	0.0	2.1138520726319574e-05	0.0	0.00048618597670535015	0.0	6.341556217895871e-05	0.0	0.0	0.0	6.341556217895873e-05	0.00010569260363159786	0.0	6.341556217895873e-05	0.0	0.0	0.0	0.00014796964508423702	0.0	0.0	2.1138520726319574e-05	0.0	0.0	0.0	0.0	0.00025366224871583486	2.1138520726319574e-05	2.1138520726319574e-05	0.0	0.0	0.0	0.0	0.0	2.1138520726319574e-05	0.0	6.341556217895873e-05	0.0	2.1138520726319574e-05	0.0	0.0	0.0	0.0	0.0	0.0	0.0	0.0	0.0	0.0	0.0	0.0	6.341556217895871e-05	8.45540829052783e-05	0.0	0.0	0.0001691081658105566	0.0	0.000147969645084237	0.0	0.0	0.0	0.0	4.227704145263915e-05	4.227704145263915e-05	0.0	0.0	0.0	0.0	0.0	0.0	0.0	4.227704145263915e-05	0.0	0.0	0.0	0.0	0.0	0.0	0.0	0.0	0.0	0.0	0.0	0.0	0.0	0.0	0.0	0.0	4.227704145263915e-05	0.0	0.0	0.0	0.0	0.0	0.0	0.0	0.0	0.0	0.0	0.0	0.0	0.0
VC1	0.26287656317022723	0.1237337908733924	0.07664895898637143	0.048668624410202574	0.044676147424687604	0.046127957237602206	0.01319827102649548	0.03659220642095936	0.0410466228924015	0.009799716237172906	0.033589599762431276	0.051077308872538	0.03358959976243129	0.014056158643217699	0.02939914871151891	0.00993169894743787	0.0015837925231794645	0.010855577919292541	0.008182928036427216	0.006863100933777657	0.005345299765730683	0.004949351634935819	0.005576269508694354	0.0015837925231794638	0.0015837925231794643	0.0001649783878311941	0.006995083644042615	0.0025406671726003914	0.0031675850463589285	0.00036295245322862704	0.0030026066585277346	0.0011548487148183588	0.005972217639489215	0.0014188141353482701	0.0004619394859273435	0.0017817665885768977	0.004223446728478567	0.00026396542052991055	0.0018477579437093743	0.0007259049064572543	0.0012868314250833145	0.00042894380836110466	0.0016827795558781806	0.002045732009106808	0.0006269178737585377	0.0013198271026495536	0.0018807536212756136	0.0	0.001616788200745703	0.0010558616821196428	0.001451809812914509	0.0014848054904807477	0.0019467449764080907	0.0018147622661431355	0.0009238789718546873	0.0026066585277328682	0.0012538357475170756	0.0	0.0005939221961922989	0.0011878443923845979	0.0010228660045534038	0.00023096974296367176	0.0003299567756623882	0.0005609265186260601	6.599135513247765e-05	0.0002969610980961494	0.00019797406539743292	0.0006269178737585377	0.00042894380836110466	0.0012868314250833145	0.00039594813079486585	0.00029696109809614936	0.0005609265186260601	6.599135513247765e-05	0.0012538357475170756	0.0007589005840234932	0.0006929092288910155	0.0003299567756623882	0.0004949351634935823	0.0	0.0	0.0001649783878311941	0.0010888573596858815	0.00023096974296367176	0.00026396542052991055	0.0009568746494209261	0.0003299567756623882	0.00023096974296367174	0.00029696109809614936	0.0005279308410598211	0.00032995677566238817	0.0005279308410598212	3.2995677566238825e-05	0.0002309697429636718	0.0001319827102649553	0.0002969610980961494	9.898703269871648e-05	0.00019797406539743292	9.898703269871648e-05	3.2995677566238825e-05	0.0002969610980961494	0.0001319827102649553	9.898703269871648e-05	9.898703269871648e-05	0.0	9.898703269871646e-05	6.599135513247765e-05	9.898703269871648e-05	0.00023096974296367174	0.0	0.0	9.898703269871648e-05	3.2995677566238825e-05	3.2995677566238825e-05	0.00019797406539743292	0.0	6.599135513247765e-05	6.599135513247765e-05	9.898703269871648e-05	3.2995677566238825e-05	9.898703269871648e-05	6.599135513247765e-05	0.0001649783878311941	0.0001649783878311941	6.599135513247765e-05	0.0	3.2995677566238825e-05	6.599135513247765e-05	0.0001649783878311941	9.898703269871648e-05	0.0	3.2995677566238825e-05	9.898703269871646e-05	0.0	9.898703269871648e-05	0.0	6.599135513247765e-05	0.0	6.599135513247765e-05	6.599135513247765e-05	0.0	6.599135513247765e-05	0.0	0.0	0.0	0.0	0.0	0.0	0.0	3.2995677566238825e-05	0.0	0.0	0.0	0.0	0.0	0.0
